street,position,board_texture,bet_to_pot,opponent_aggression,historical_bluff_rate,previous_raises,recent_losses,estimated_hand_strength,is_bluff
river,middle,semi_wet,0.348,0.647,0.451,2,0,0.817,1
turn,early,semi_wet,0.673,0.773,0.094,1,2,0.885,0
river,late,dry,0.552,0.853,0.194,2,1,0.91,0
turn,late,semi_wet,1.015,0.539,0.436,1,2,0.625,0
flop,middle,semi_wet,0.617,0.382,0.423,0,0,0.673,1
river,blind,semi_wet,0.731,0.945,0.22,1,0,0.502,0
river,late,wet,0.742,0.804,0.064,4,0,0.804,0
river,early,wet,0.926,0.481,0.172,1,1,0.433,0
flop,blind,semi_wet,0.711,0.798,0.45,1,1,0.685,0
turn,early,semi_wet,0.53,0.445,0.284,2,0,0.857,1
turn,late,semi_wet,0.997,0.772,0.492,0,2,0.479,0
river,middle,semi_wet,1.711,0.792,0.237,1,0,0.851,0
turn,late,dry,1.021,0.409,0.139,1,0,0.883,0
river,blind,semi_wet,0.68,0.582,0.148,0,1,0.584,0
turn,late,semi_wet,0.889,0.439,0.289,4,0,0.68,1
flop,late,semi_wet,0.308,0.583,0.29,1,0,0.059,1
turn,blind,wet,0.881,0.864,0.223,2,1,0.785,1
flop,late,semi_wet,0.763,0.343,0.204,1,0,0.644,0
river,blind,dry,0.569,0.952,0.567,1,3,0.433,1
turn,middle,dry,0.629,0.712,0.275,1,1,0.418,0
river,early,dry,0.759,0.354,0.498,0,1,0.336,0
turn,early,dry,1.642,0.524,0.154,3,0,0.34,0
river,late,semi_wet,1.734,0.275,0.149,0,1,0.577,1
river,late,dry,0.571,0.417,0.485,0,1,0.445,0
river,early,dry,0.715,0.649,0.146,0,1,0.164,0
flop,early,dry,0.725,0.661,0.596,0,2,0.564,0
turn,blind,wet,1.485,0.324,0.279,2,0,0.268,1
flop,late,wet,1.03,0.583,0.362,1,1,0.676,0
flop,blind,dry,1.001,0.542,0.253,2,0,0.303,1
turn,early,dry,1.278,0.864,0.21,0,0,0.595,1
river,early,dry,0.685,0.394,0.719,3,1,0.479,0
river,middle,dry,2.014,0.487,0.288,2,2,0.862,0
flop,blind,dry,0.95,0.753,0.312,0,1,0.638,0
turn,late,dry,0.594,0.503,0.097,1,2,0.462,0
turn,blind,dry,0.838,0.261,0.335,0,2,0.871,0
flop,middle,wet,1.873,0.344,0.484,1,3,0.589,1
flop,middle,semi_wet,0.753,0.481,0.173,0,2,0.597,0
turn,late,wet,1.604,0.823,0.555,0,1,0.138,0
flop,blind,dry,0.674,0.529,0.311,1,0,0.421,1
turn,middle,dry,0.624,0.173,0.18,3,1,0.305,0
turn,late,wet,1.367,0.663,0.316,5,1,0.761,1
river,blind,dry,0.588,0.578,0.509,0,0,0.661,0
river,middle,semi_wet,1.495,0.958,0.408,1,1,0.941,0
flop,blind,wet,1.154,0.646,0.564,1,0,0.377,0
river,late,semi_wet,0.588,0.823,0.349,0,0,0.758,0
river,blind,dry,0.915,0.658,0.072,1,1,0.223,0
turn,middle,semi_wet,0.703,0.474,0.246,0,1,0.511,1
flop,late,dry,1.153,0.498,0.557,3,0,0.62,0
turn,middle,dry,2.687,0.522,0.138,0,1,0.738,0
flop,late,dry,0.776,0.309,0.563,0,0,0.591,0
flop,middle,wet,1.276,0.704,0.37,0,2,0.18,0
flop,late,semi_wet,0.964,0.327,0.154,1,1,0.372,1
river,blind,dry,0.964,0.915,0.34,0,2,0.568,0
turn,middle,dry,0.869,0.377,0.346,2,0,0.843,0
river,middle,semi_wet,0.594,0.645,0.427,3,2,0.939,0
river,middle,wet,1.144,0.649,0.399,1,2,0.469,0
turn,late,dry,0.812,0.665,0.73,0,1,0.715,0
turn,late,dry,0.578,0.267,0.519,1,1,0.667,1
flop,late,wet,1.662,0.561,0.309,2,1,0.686,0
flop,early,wet,1.004,0.322,0.542,1,0,0.544,0
turn,early,wet,0.839,0.685,0.103,3,0,0.769,0
turn,early,dry,1.988,0.61,0.234,2,1,0.21,1
turn,blind,dry,0.347,0.621,0.191,3,2,0.663,0
river,blind,semi_wet,1.916,0.473,0.35,0,2,0.706,0
turn,early,dry,0.586,0.514,0.221,0,1,0.842,0
turn,early,wet,1.069,0.958,0.234,0,0,0.661,1
turn,blind,dry,0.688,0.713,0.136,1,0,0.763,0
flop,late,semi_wet,0.573,0.364,0.181,0,0,0.607,1
flop,middle,wet,1.959,0.231,0.494,0,1,0.535,0
turn,late,wet,2.64,0.661,0.309,0,1,0.447,0
flop,early,semi_wet,0.842,0.288,0.249,1,2,0.581,0
turn,early,wet,1.144,0.509,0.081,1,1,0.621,0
river,middle,dry,0.982,0.597,0.226,0,2,0.497,0
flop,blind,dry,2.464,0.648,0.569,1,1,0.345,0
flop,blind,dry,0.298,0.677,0.141,0,1,0.776,0
flop,early,wet,1.17,0.487,0.277,1,2,0.982,0
flop,late,wet,0.638,0.888,0.132,5,0,0.542,0
turn,blind,dry,0.26,0.742,0.326,0,0,0.089,0
turn,blind,dry,0.78,0.557,0.15,1,2,0.624,0
river,blind,dry,2.629,0.59,0.27,1,0,0.918,0
turn,early,dry,0.663,0.466,0.248,0,2,0.432,0
turn,early,wet,1.469,0.453,0.312,2,1,0.436,0
river,early,dry,1.839,0.905,0.043,0,1,0.863,0
flop,early,wet,0.945,0.727,0.33,2,2,0.257,1
flop,early,semi_wet,1.016,0.339,0.371,1,0,0.252,0
flop,middle,dry,0.37,0.654,0.044,1,1,0.39,0
river,late,dry,0.642,0.486,0.808,1,1,0.709,0
turn,middle,wet,1.567,0.872,0.406,1,2,0.499,1
flop,middle,semi_wet,0.984,0.785,0.383,0,2,0.52,0
turn,early,semi_wet,1.164,0.464,0.617,1,0,0.737,0
flop,early,dry,1.024,0.87,0.492,3,0,0.377,1
turn,blind,wet,3.0,0.815,0.186,0,1,0.609,1
turn,late,wet,0.751,0.873,0.219,0,0,0.461,0
turn,early,wet,2.3,0.496,0.086,3,0,0.077,1
flop,blind,semi_wet,1.024,0.604,0.04,0,0,0.607,0
turn,blind,wet,2.415,0.784,0.411,1,1,0.707,0
turn,blind,dry,0.485,0.607,0.343,1,3,0.123,1
flop,early,semi_wet,1.053,0.732,0.212,2,1,0.434,1
flop,late,semi_wet,0.766,0.487,0.269,1,3,0.41,1
river,blind,semi_wet,1.027,0.726,0.024,1,0,0.918,0
river,blind,wet,1.863,0.711,0.496,0,0,0.232,1
turn,early,wet,1.172,0.549,0.631,1,1,0.836,0
flop,blind,semi_wet,1.861,0.749,0.273,2,1,0.29,0
river,middle,semi_wet,0.658,0.377,0.392,3,0,0.711,0
river,middle,wet,0.605,0.554,0.489,0,2,0.607,1
river,late,wet,0.96,0.653,0.124,1,1,0.928,0
turn,blind,wet,0.931,0.887,0.737,0,4,0.747,1
flop,early,dry,0.859,0.793,0.303,1,0,0.307,0
flop,late,dry,0.561,0.52,0.244,1,2,0.959,0
river,blind,wet,1.839,0.37,0.503,0,1,0.154,0
turn,late,wet,0.779,0.583,0.189,0,0,0.709,0
flop,middle,semi_wet,2.084,0.538,0.283,1,0,0.691,0
flop,early,semi_wet,0.958,0.539,0.266,0,0,0.716,0
turn,late,semi_wet,1.359,0.467,0.118,1,2,0.214,1
flop,late,semi_wet,1.293,0.906,0.104,1,1,0.36,0
river,late,wet,0.605,0.858,0.222,1,1,0.903,0
river,blind,dry,1.164,0.864,0.368,1,1,0.676,0
river,late,semi_wet,2.747,0.092,0.308,0,1,0.433,0
turn,late,semi_wet,1.092,0.651,0.539,2,2,0.506,0
turn,early,wet,1.562,0.685,0.505,2,2,0.278,0
turn,late,dry,1.393,0.677,0.4,1,0,0.896,0
turn,early,semi_wet,1.126,0.808,0.478,2,2,0.552,0
flop,late,dry,1.054,0.24,0.127,0,1,0.405,0
turn,early,dry,1.285,0.837,0.446,2,1,0.691,1
flop,blind,semi_wet,1.447,0.406,0.55,2,1,0.109,1
turn,middle,dry,0.452,0.821,0.262,1,1,0.636,0
flop,middle,wet,1.09,0.681,0.235,1,0,0.478,0
flop,early,wet,0.86,0.721,0.276,3,3,0.737,1
flop,early,dry,0.767,0.822,0.409,0,2,0.551,0
turn,blind,wet,1.94,0.518,0.29,1,0,0.781,0
flop,middle,semi_wet,0.636,0.63,0.505,5,2,0.584,1
river,late,semi_wet,0.442,0.482,0.596,1,2,0.566,1
turn,blind,wet,1.474,0.578,0.344,2,1,0.181,0
flop,late,semi_wet,0.436,0.446,0.375,1,1,0.294,1
turn,early,dry,0.329,0.385,0.106,2,1,0.447,1
flop,middle,dry,1.568,0.69,0.63,1,1,0.908,0
river,middle,semi_wet,1.038,0.745,0.11,0,1,0.264,0
turn,middle,wet,1.234,0.612,0.228,2,3,0.663,0
river,early,semi_wet,0.746,0.318,0.244,3,0,0.72,0
flop,late,dry,0.444,0.683,0.395,2,0,0.514,0
turn,middle,dry,0.496,0.226,0.583,0,1,0.66,0
turn,middle,wet,0.819,0.876,0.325,1,0,0.487,1
river,middle,dry,0.472,0.545,0.055,1,1,0.622,0
turn,middle,semi_wet,1.126,0.371,0.515,1,3,0.884,1
turn,early,semi_wet,0.738,0.166,0.074,1,3,0.287,0
flop,middle,dry,1.053,0.246,0.41,3,0,0.742,0
flop,blind,dry,1.036,0.777,0.364,1,2,0.618,0
turn,late,dry,1.177,0.27,0.706,4,1,0.553,1
turn,late,dry,1.252,0.421,0.464,1,1,0.741,0
flop,blind,semi_wet,0.787,0.873,0.267,0,2,0.457,1
river,late,wet,1.053,0.632,0.277,2,3,0.532,0
river,early,dry,1.083,0.695,0.201,3,2,0.637,0
flop,middle,semi_wet,0.25,0.264,0.325,0,0,0.459,0
turn,middle,dry,1.357,0.596,0.331,0,1,0.896,0
flop,middle,dry,1.033,0.433,0.499,0,2,0.39,0
turn,early,wet,1.297,0.34,0.064,0,0,0.49,0
flop,early,wet,0.469,0.78,0.525,3,2,0.217,1
turn,middle,wet,0.8,0.367,0.698,2,1,0.483,0
river,blind,dry,0.522,0.327,0.398,0,0,0.601,1
river,late,semi_wet,1.433,0.149,0.531,1,0,0.466,0
flop,blind,semi_wet,0.439,0.718,0.625,2,2,0.564,0
river,early,wet,0.571,0.787,0.65,0,2,0.786,0
flop,middle,semi_wet,1.276,0.691,0.177,1,0,0.714,1
flop,late,wet,0.673,0.895,0.41,1,2,0.687,0
turn,middle,dry,0.571,0.884,0.128,0,2,0.607,0
turn,middle,semi_wet,1.566,0.871,0.297,2,1,0.666,1
river,middle,wet,1.602,0.73,0.08,0,0,0.634,0
river,early,dry,1.415,0.597,0.264,1,3,0.359,1
flop,blind,semi_wet,1.517,0.424,0.84,0,1,0.523,0
river,blind,semi_wet,0.837,0.911,0.387,3,3,0.508,1
flop,early,wet,0.85,0.661,0.375,4,0,0.463,1
turn,middle,dry,0.666,0.704,0.438,0,2,0.222,1
flop,late,wet,1.043,0.632,0.478,2,0,0.743,0
river,blind,semi_wet,0.712,0.736,0.255,1,1,0.595,0
flop,blind,semi_wet,0.75,0.688,0.112,2,0,0.752,0
flop,middle,semi_wet,1.323,0.913,0.219,0,0,0.616,0
turn,late,dry,1.825,0.605,0.144,0,0,0.916,1
river,blind,wet,1.184,0.521,0.261,1,2,0.496,0
river,blind,wet,2.552,0.485,0.355,1,1,0.402,1
river,middle,wet,0.645,0.609,0.091,0,3,0.602,0
river,blind,wet,0.346,0.709,0.406,0,2,0.723,0
river,middle,semi_wet,1.409,0.591,0.236,0,0,0.131,0
turn,early,semi_wet,0.622,0.48,0.2,1,0,0.764,0
flop,blind,wet,0.818,0.8,0.359,4,1,0.745,0
river,blind,dry,0.359,0.509,0.172,2,0,0.291,0
turn,middle,wet,0.58,0.813,0.257,2,2,0.598,1
turn,middle,semi_wet,0.416,0.12,0.22,2,2,0.628,1
flop,middle,semi_wet,0.749,0.443,0.287,0,1,0.769,0
river,early,dry,0.766,0.814,0.25,0,2,0.658,1
flop,blind,dry,0.999,0.484,0.501,2,2,0.437,1
river,early,dry,1.881,0.518,0.184,1,1,0.298,0
flop,late,semi_wet,1.38,0.407,0.331,3,1,0.398,1
flop,early,semi_wet,0.39,0.764,0.287,1,1,0.759,1
river,late,dry,1.329,0.261,0.317,0,4,0.637,0
flop,blind,dry,1.012,0.487,0.438,1,0,0.897,0
flop,late,semi_wet,0.901,0.882,0.193,2,1,0.468,0
turn,late,dry,0.939,0.326,0.123,1,1,0.676,0
river,blind,wet,1.064,0.88,0.264,0,1,0.446,0
flop,blind,dry,0.65,0.918,0.211,0,2,0.629,0
flop,blind,semi_wet,0.86,0.803,0.321,0,4,0.239,1
river,early,dry,1.824,0.566,0.146,1,0,0.785,1
river,late,semi_wet,0.646,0.581,0.216,0,1,0.611,1
turn,blind,semi_wet,0.54,0.831,0.388,1,1,0.765,0
flop,middle,semi_wet,0.919,0.607,0.339,0,1,0.593,0
flop,late,semi_wet,0.511,0.649,0.095,2,0,0.217,1
flop,early,semi_wet,0.369,0.224,0.279,0,1,0.583,0
flop,blind,dry,0.787,0.919,0.297,2,1,0.422,1
turn,late,semi_wet,2.11,0.585,0.061,0,1,0.236,1
flop,late,dry,0.931,0.455,0.408,2,1,0.289,0
turn,blind,semi_wet,1.049,0.685,0.056,1,1,0.926,0
turn,early,semi_wet,0.295,0.951,0.223,2,1,0.962,0
turn,middle,wet,1.21,0.558,0.223,1,0,0.777,1
flop,blind,semi_wet,1.001,0.762,0.243,2,1,0.778,0
river,early,dry,0.66,0.296,0.77,1,1,0.693,0
river,blind,dry,1.05,0.246,0.271,4,1,0.856,0
river,middle,dry,1.045,0.763,0.347,3,1,0.841,0
flop,late,semi_wet,0.531,0.446,0.202,1,1,0.553,0
flop,late,wet,1.142,0.544,0.443,2,0,0.427,1
river,late,wet,1.838,0.883,0.211,1,1,0.96,0
turn,blind,semi_wet,0.839,0.441,0.817,2,0,0.618,0
flop,middle,dry,0.59,0.704,0.317,4,1,0.819,0
turn,early,wet,0.863,0.455,0.289,0,0,0.31,0
turn,middle,dry,1.522,0.564,0.752,0,1,0.433,0
river,late,dry,0.485,0.196,0.105,0,2,0.379,0
flop,blind,wet,1.308,0.785,0.34,2,1,0.157,1
river,blind,dry,0.655,0.784,0.09,2,2,0.478,0
flop,middle,dry,1.087,0.776,0.535,2,1,0.331,0
turn,blind,dry,0.697,0.195,0.306,0,1,0.548,1
turn,early,semi_wet,0.696,0.747,0.347,1,1,0.865,1
flop,early,dry,2.198,0.707,0.371,1,0,0.375,0
flop,early,semi_wet,0.438,0.301,0.419,1,0,0.54,0
turn,blind,semi_wet,1.242,0.665,0.226,2,1,0.281,0
river,early,dry,2.465,0.782,0.087,5,1,0.387,0
turn,late,dry,1.387,0.122,0.11,1,1,0.333,0
river,blind,wet,0.457,0.622,0.382,2,2,0.668,1
river,blind,dry,0.47,0.615,0.239,1,2,0.76,0
turn,blind,semi_wet,0.629,0.358,0.52,1,0,0.836,0
river,early,semi_wet,1.038,0.223,0.321,2,1,0.401,0
flop,middle,dry,1.077,0.736,0.278,2,0,0.686,1
flop,late,semi_wet,0.473,0.308,0.519,0,0,0.256,1
river,late,semi_wet,0.589,0.705,0.454,1,0,0.645,0
river,late,semi_wet,0.609,0.929,0.337,1,2,0.359,1
flop,late,wet,0.861,0.23,0.348,0,1,0.295,0
turn,middle,wet,2.834,0.75,0.093,1,0,0.324,0
turn,early,wet,0.569,0.606,0.476,4,1,0.233,1
river,middle,semi_wet,0.556,0.438,0.472,2,0,0.937,0
turn,middle,semi_wet,0.51,0.711,0.315,2,1,0.682,0
turn,late,semi_wet,1.349,0.434,0.516,3,1,0.133,1
turn,blind,dry,0.93,0.811,0.535,3,0,0.586,1
turn,late,wet,0.581,0.814,0.479,0,2,0.541,0
turn,late,wet,0.779,0.869,0.289,3,1,0.702,0
river,early,dry,0.615,0.778,0.399,0,1,0.883,0
turn,late,wet,1.119,0.71,0.301,2,0,0.762,0
flop,middle,wet,3.0,0.562,0.22,0,0,0.251,1
flop,early,semi_wet,1.288,0.499,0.343,1,0,0.707,1
river,early,wet,0.904,0.47,0.766,2,1,0.848,0
river,blind,dry,0.66,0.62,0.071,0,1,0.549,1
flop,blind,dry,0.454,0.724,0.443,3,1,0.475,0
flop,late,dry,1.424,0.34,0.602,1,1,0.766,0
turn,blind,semi_wet,1.382,0.659,0.234,1,5,0.168,1
flop,early,dry,0.736,0.593,0.139,1,0,0.462,1
river,middle,wet,1.854,0.352,0.157,1,1,0.569,1
flop,blind,dry,0.962,0.474,0.752,3,2,0.658,1
flop,early,dry,1.457,0.465,0.655,3,1,0.649,1
river,late,semi_wet,1.12,0.613,0.415,1,1,0.698,0
flop,early,dry,0.863,0.796,0.46,2,2,0.418,1
flop,middle,semi_wet,0.563,0.705,0.486,1,0,0.272,0
flop,middle,dry,0.878,0.651,0.178,1,1,0.419,0
flop,middle,wet,1.512,0.667,0.631,0,0,0.789,1
flop,blind,semi_wet,0.719,0.256,0.287,1,1,0.626,0
flop,blind,dry,1.211,0.777,0.254,0,0,0.833,0
flop,late,dry,0.524,0.301,0.252,0,0,0.746,0
flop,late,dry,1.461,0.215,0.301,1,0,0.52,0
turn,early,wet,1.13,0.616,0.596,1,1,0.601,1
turn,early,semi_wet,0.491,0.898,0.295,2,0,0.621,1
turn,early,semi_wet,0.841,0.522,0.128,1,2,0.314,0
flop,blind,dry,1.588,0.553,0.168,1,1,0.676,0
turn,early,wet,0.476,0.725,0.518,1,1,0.777,0
river,middle,dry,0.528,0.574,0.422,1,0,0.596,0
river,blind,semi_wet,0.916,0.415,0.588,3,1,0.818,0
flop,late,wet,3.0,0.355,0.369,0,0,0.079,0
flop,late,dry,0.657,0.697,0.113,0,1,0.812,0
flop,early,semi_wet,1.249,0.851,0.554,3,1,0.535,0
flop,late,dry,1.098,0.946,0.518,2,2,0.533,0
turn,late,dry,0.688,0.828,0.162,3,1,0.311,0
turn,middle,wet,1.039,0.376,0.641,2,1,0.61,0
flop,late,semi_wet,0.744,0.632,0.15,3,0,0.851,0
turn,blind,wet,0.781,0.5,0.232,0,0,0.715,0
turn,middle,semi_wet,0.381,0.856,0.01,1,0,0.632,0
flop,middle,dry,0.939,0.642,0.222,2,0,0.809,0
river,middle,semi_wet,1.56,0.542,0.509,1,0,0.545,0
flop,blind,semi_wet,0.982,0.763,0.204,3,0,0.749,0
river,early,dry,1.733,0.671,0.425,0,0,0.62,1
flop,blind,semi_wet,1.309,0.903,0.341,0,0,0.76,0
river,blind,semi_wet,0.921,0.624,0.22,1,1,0.586,0
river,middle,semi_wet,0.673,0.884,0.233,3,3,0.67,1
river,late,dry,0.728,0.642,0.31,0,1,0.609,1
river,blind,wet,0.424,0.599,0.228,1,0,0.691,1
river,blind,dry,0.821,0.96,0.025,1,0,0.857,0
turn,middle,dry,1.031,0.268,0.332,3,0,0.792,0
river,early,dry,2.444,0.339,0.662,1,0,0.591,1
flop,late,wet,1.272,0.516,0.513,2,3,0.323,0
turn,early,dry,0.591,0.686,0.361,2,0,0.673,0
turn,early,semi_wet,0.431,0.629,0.402,2,1,0.279,0
river,blind,dry,0.849,0.163,0.388,2,2,0.31,1
turn,middle,semi_wet,1.487,0.569,0.409,0,3,0.88,1
turn,late,wet,0.843,0.63,0.396,0,1,0.685,1
turn,early,dry,1.282,0.752,0.164,1,0,0.684,0
flop,early,wet,0.861,0.788,0.608,1,0,0.674,0
flop,early,dry,1.411,0.393,0.395,1,3,0.194,1
turn,middle,dry,0.395,0.257,0.261,1,2,0.658,0
turn,early,semi_wet,2.299,0.758,0.362,1,1,0.432,0
flop,middle,semi_wet,0.516,0.524,0.171,0,1,0.436,0
turn,middle,dry,1.472,0.679,0.282,1,2,0.357,0
turn,late,semi_wet,0.819,0.252,0.217,0,1,0.919,0
flop,late,dry,0.893,0.935,0.303,1,0,0.668,1
turn,middle,semi_wet,0.833,0.279,0.5,1,0,0.255,0
turn,middle,semi_wet,1.095,0.454,0.396,0,0,0.545,0
flop,early,wet,1.223,0.864,0.393,1,1,0.659,0
river,middle,semi_wet,1.703,0.792,0.023,3,1,0.75,0
river,blind,semi_wet,2.063,0.552,0.382,0,2,0.296,0
turn,blind,semi_wet,1.142,0.546,0.186,0,1,0.645,0
flop,middle,dry,2.441,0.682,0.079,1,0,0.787,0
turn,blind,dry,1.001,0.502,0.448,3,0,0.216,1
river,late,wet,1.72,0.651,0.315,1,3,0.535,0
turn,early,dry,1.204,0.426,0.167,1,1,0.546,0
river,blind,wet,0.703,0.784,0.159,0,1,0.433,1
turn,middle,dry,1.051,0.485,0.283,2,0,0.204,1
turn,late,wet,1.255,0.725,0.02,0,0,0.614,0
flop,late,dry,0.935,0.387,0.299,2,0,0.849,0
river,middle,wet,1.194,0.93,0.454,2,1,0.605,0
flop,late,semi_wet,1.531,0.558,0.17,3,0,0.863,0
turn,late,dry,0.939,0.706,0.405,0,1,0.426,1
river,middle,semi_wet,0.188,0.272,0.603,2,2,0.579,0
flop,middle,semi_wet,2.394,0.363,0.308,1,0,0.311,0
turn,late,dry,0.808,0.798,0.548,3,0,0.828,0
flop,early,dry,0.605,0.426,0.237,2,0,0.779,0
river,early,semi_wet,0.513,0.854,0.166,0,0,0.609,1
flop,blind,semi_wet,0.791,0.441,0.288,0,1,0.513,1
river,middle,dry,0.698,0.403,0.254,0,0,0.729,0
flop,late,wet,0.634,0.849,0.312,0,0,0.483,1
river,late,dry,0.654,0.763,0.251,4,0,0.311,1
river,blind,dry,1.273,0.681,0.505,0,1,0.917,0
turn,late,semi_wet,2.906,0.715,0.504,0,0,0.451,0
river,late,dry,1.494,0.457,0.29,1,1,0.662,0
river,blind,dry,1.764,0.377,0.248,0,2,0.425,0
river,blind,semi_wet,0.773,0.476,0.133,0,1,0.466,1
flop,early,dry,1.008,0.531,0.617,2,0,0.544,1
turn,late,dry,1.203,0.847,0.129,0,0,0.693,1
flop,early,semi_wet,0.662,0.529,0.61,0,0,0.615,1
turn,blind,semi_wet,0.753,0.684,0.349,1,1,0.479,0
flop,early,wet,1.522,0.753,0.126,0,1,0.561,1
turn,early,semi_wet,1.733,0.335,0.386,0,1,0.676,0
turn,early,semi_wet,0.987,0.555,0.21,1,0,0.291,0
turn,late,dry,0.493,0.185,0.567,3,0,0.58,0
turn,early,wet,0.808,0.618,0.091,2,1,0.429,0
river,early,dry,0.431,0.627,0.542,0,2,0.718,0
river,late,dry,0.991,0.61,0.392,3,0,0.782,1
turn,blind,wet,1.095,0.259,0.141,1,1,0.615,1
turn,late,semi_wet,0.82,0.571,0.068,1,2,0.3,1
river,middle,semi_wet,1.086,0.68,0.258,1,1,0.501,0
flop,late,dry,1.196,0.367,0.257,1,3,0.917,1
flop,late,dry,1.096,0.215,0.497,1,2,0.312,1
flop,middle,semi_wet,0.491,0.721,0.065,0,1,0.781,0
turn,late,semi_wet,0.828,0.758,0.037,1,3,0.518,0
turn,early,semi_wet,1.192,0.381,0.76,2,2,0.253,1
river,early,dry,2.267,0.84,0.413,1,0,0.902,0
turn,late,dry,0.819,0.508,0.607,0,1,0.733,1
flop,middle,semi_wet,1.288,0.85,0.464,0,2,0.046,1
river,early,semi_wet,1.542,0.782,0.143,0,3,0.878,1
river,early,dry,0.854,0.796,0.356,3,2,0.716,0
flop,blind,dry,1.789,0.522,0.581,1,0,0.675,1
turn,middle,dry,1.843,0.646,0.573,0,0,0.78,0
flop,early,dry,2.032,0.797,0.096,1,3,0.752,0
flop,late,semi_wet,1.224,0.523,0.398,2,3,0.549,0
flop,late,dry,3.0,0.456,0.231,0,0,0.738,0
river,middle,semi_wet,0.678,0.778,0.037,1,0,0.477,0
turn,blind,wet,3.0,0.748,0.39,1,0,0.561,1
turn,middle,wet,1.451,0.218,0.176,0,0,0.681,0
river,late,wet,1.988,0.682,0.715,1,0,0.538,1
turn,late,dry,0.798,0.787,0.284,2,1,0.811,1
river,late,dry,1.514,0.613,0.4,1,2,0.477,1
river,early,dry,2.085,0.502,0.382,1,3,0.8,1
turn,late,semi_wet,0.523,0.683,0.11,1,0,0.631,0
turn,late,dry,0.87,0.418,0.425,3,2,0.909,1
river,early,dry,0.293,0.933,0.55,2,2,0.766,0
river,early,dry,0.862,0.884,0.444,0,3,0.398,1
river,late,dry,0.607,0.196,0.119,1,4,0.395,1
flop,early,semi_wet,0.844,0.83,0.443,0,2,0.774,0
river,blind,semi_wet,3.0,0.218,0.416,1,3,0.638,0
turn,early,semi_wet,2.447,0.731,0.28,0,0,0.5,1
flop,blind,wet,0.431,0.383,0.2,0,1,0.441,1
turn,late,dry,1.291,0.889,0.574,2,3,0.717,0
turn,middle,dry,1.476,0.74,0.177,0,2,0.594,1
flop,middle,dry,0.79,0.366,0.714,0,1,0.807,1
turn,middle,semi_wet,1.049,0.593,0.423,2,1,0.465,1
river,late,semi_wet,1.107,0.38,0.067,2,1,0.514,0
flop,blind,dry,0.454,0.532,0.436,3,1,0.273,1
turn,early,wet,0.539,0.847,0.327,1,1,0.51,0
turn,late,dry,1.046,0.347,0.3,0,1,0.573,0
flop,blind,dry,1.005,0.714,0.268,1,1,0.62,0
river,middle,semi_wet,0.644,0.508,0.593,0,2,0.545,0
river,late,wet,0.615,0.519,0.235,1,2,0.967,1
flop,early,semi_wet,0.905,0.461,0.283,2,1,0.665,1
river,blind,wet,1.549,0.64,0.536,2,0,0.886,0
river,early,dry,0.912,0.25,0.384,0,0,0.559,0
flop,middle,semi_wet,2.322,0.603,0.297,2,0,0.926,0
river,middle,wet,0.649,0.274,0.362,0,2,0.601,0
flop,middle,semi_wet,1.058,0.7,0.157,2,2,0.526,1
river,early,dry,0.783,0.37,0.185,1,2,0.72,0
turn,late,wet,1.314,0.422,0.376,1,1,0.588,0
turn,early,dry,0.619,0.353,0.101,0,1,0.871,1
flop,blind,semi_wet,2.746,0.661,0.606,0,0,0.259,0
river,early,wet,0.375,0.691,0.09,2,1,0.775,1
flop,middle,wet,2.444,0.877,0.187,0,0,0.924,0
flop,blind,wet,0.999,0.446,0.296,0,1,0.956,0
flop,early,wet,1.289,0.318,0.305,0,2,0.621,0
river,early,dry,1.982,0.566,0.212,2,0,0.905,0
flop,late,wet,1.525,0.583,0.593,1,1,0.868,1
river,early,semi_wet,0.637,0.659,0.464,0,1,0.117,0
turn,blind,semi_wet,1.323,0.44,0.049,2,0,0.716,0
flop,middle,dry,2.657,0.324,0.545,4,1,0.289,0
flop,blind,wet,0.584,0.92,0.337,0,0,0.84,0
flop,early,semi_wet,3.0,0.733,0.355,0,1,0.709,0
turn,early,wet,1.176,0.709,0.663,2,3,0.365,0
river,blind,dry,0.75,0.532,0.235,0,1,0.66,0
flop,blind,dry,0.582,0.459,0.714,0,3,0.572,0
river,blind,semi_wet,0.841,0.64,0.476,1,1,0.529,0
flop,middle,dry,0.325,0.642,0.424,1,0,0.622,0
river,middle,semi_wet,0.757,0.165,0.469,1,0,0.427,1
river,late,dry,0.823,0.461,0.071,3,1,0.617,0
river,middle,semi_wet,0.527,0.713,0.405,4,0,0.655,0
turn,early,dry,1.435,0.842,0.292,3,0,0.692,1
river,middle,dry,0.843,0.761,0.535,4,2,0.673,1
flop,late,semi_wet,0.671,0.759,0.444,0,2,0.385,0
flop,early,dry,0.795,0.844,0.339,0,1,0.333,1
flop,middle,dry,1.156,0.273,0.497,0,0,0.824,1
turn,middle,dry,0.99,0.694,0.068,2,1,0.862,0
river,early,dry,0.647,0.294,0.4,1,1,0.389,0
turn,early,semi_wet,1.019,0.667,0.432,0,3,0.741,0
river,middle,dry,0.925,0.322,0.252,0,1,0.31,1
flop,early,dry,0.508,0.73,0.016,2,1,0.7,0
river,middle,semi_wet,0.812,0.582,0.656,1,1,0.529,1
flop,late,semi_wet,1.308,0.844,0.024,1,2,0.733,0
flop,blind,semi_wet,1.303,0.633,0.269,1,2,0.705,1
river,early,dry,0.838,0.792,0.224,1,0,0.57,1
river,middle,wet,1.38,0.939,0.463,1,1,0.443,0
turn,early,semi_wet,0.555,0.675,0.093,2,0,0.77,0
flop,middle,dry,0.564,0.508,0.594,0,0,0.632,0
turn,middle,wet,0.828,0.356,0.284,2,0,0.366,0
flop,blind,semi_wet,2.168,0.372,0.199,1,1,0.309,0
river,middle,semi_wet,1.041,0.908,0.513,0,0,0.991,0
river,blind,wet,0.818,0.373,0.442,0,1,0.721,1
flop,early,dry,2.224,0.456,0.235,1,0,0.392,0
flop,early,wet,0.812,0.805,0.142,2,0,0.429,0
flop,early,semi_wet,3.0,0.422,0.363,0,1,0.27,0
river,middle,dry,0.718,0.535,0.33,1,2,0.497,1
turn,early,dry,0.545,0.564,0.29,1,0,0.631,1
river,early,dry,0.868,0.908,0.403,1,0,0.547,1
turn,early,wet,0.829,0.896,0.67,2,1,0.264,1
turn,blind,dry,0.61,0.713,0.316,0,0,0.799,0
flop,blind,dry,3.0,0.432,0.099,2,2,0.125,1
river,early,semi_wet,1.133,0.843,0.244,0,0,0.893,0
flop,blind,semi_wet,1.228,0.261,0.358,1,1,0.468,1
turn,early,dry,0.738,0.325,0.101,1,2,0.757,0
turn,middle,wet,0.692,0.672,0.132,1,1,0.612,0
turn,middle,semi_wet,1.672,0.367,0.431,1,2,0.492,0
river,middle,wet,0.378,0.838,0.433,0,1,0.448,1
flop,blind,dry,0.507,0.192,0.68,0,0,0.391,1
turn,late,dry,0.83,0.315,0.176,2,1,0.969,0
turn,late,semi_wet,2.0,0.74,0.405,0,3,0.391,0
turn,late,dry,0.774,0.522,0.247,2,1,0.938,1
flop,late,semi_wet,1.196,0.371,0.585,3,0,0.189,1
flop,early,dry,0.966,0.517,0.604,2,1,0.169,0
flop,middle,wet,1.94,0.391,0.24,1,0,0.648,0
flop,early,wet,0.398,0.855,0.042,1,1,0.713,0
turn,late,wet,1.426,0.763,0.205,0,2,0.322,1
turn,middle,wet,0.853,0.472,0.52,0,2,0.667,0
turn,late,wet,1.582,0.63,0.298,1,1,0.644,0
turn,late,semi_wet,0.606,0.492,0.316,2,3,0.857,1
turn,middle,dry,0.964,0.728,0.397,1,0,0.675,1
flop,early,wet,0.899,0.691,0.389,3,2,0.833,1
turn,blind,wet,0.548,0.53,0.57,1,1,0.891,1
flop,middle,wet,0.47,0.459,0.358,1,1,0.743,0
flop,early,wet,0.691,0.783,0.31,0,3,0.687,1
turn,middle,dry,1.022,0.758,0.309,2,2,0.49,0
turn,blind,wet,0.627,0.711,0.062,0,1,0.315,0
flop,middle,wet,0.793,0.132,0.216,0,0,0.831,0
turn,blind,semi_wet,0.337,0.575,0.313,1,1,0.785,0
turn,middle,wet,0.776,0.417,0.261,1,2,0.83,0
river,blind,semi_wet,1.67,0.606,0.03,1,2,0.637,0
turn,late,wet,1.402,0.385,0.566,1,1,0.559,0
turn,early,dry,0.907,0.778,0.264,2,0,0.754,0
flop,late,wet,1.088,0.255,0.205,2,1,0.423,0
river,middle,dry,0.603,0.394,0.185,0,0,0.824,0
turn,early,dry,2.324,0.369,0.168,0,3,0.949,0
turn,late,dry,2.966,0.403,0.449,0,1,0.388,0
turn,early,semi_wet,1.041,0.892,0.168,1,2,0.711,0
turn,late,dry,3.0,0.625,0.392,1,2,0.543,0
turn,blind,wet,0.654,0.861,0.634,1,0,0.795,1
river,early,semi_wet,0.478,0.34,0.187,2,0,0.752,0
river,middle,wet,0.644,0.651,0.407,1,0,0.68,0
river,late,dry,0.843,0.743,0.674,1,3,0.472,1
turn,early,dry,3.0,0.276,0.375,0,0,0.866,0
turn,middle,wet,0.815,0.406,0.62,1,2,0.83,0
river,middle,semi_wet,0.593,0.528,0.276,0,0,0.493,1
flop,early,semi_wet,0.58,0.881,0.395,0,1,0.81,0
river,blind,wet,1.781,0.092,0.422,2,0,0.867,1
turn,middle,wet,1.646,0.14,0.255,3,1,0.857,0
flop,blind,semi_wet,0.728,0.868,0.476,0,0,0.645,0
flop,late,wet,0.339,0.243,0.516,0,0,0.883,1
river,blind,semi_wet,0.511,0.317,0.07,1,1,0.446,0
flop,blind,semi_wet,2.451,0.65,0.496,3,1,0.73,1
flop,late,dry,1.389,0.452,0.181,1,1,0.67,0
flop,middle,dry,0.986,0.3,0.665,1,1,0.473,1
flop,middle,dry,2.659,0.387,0.642,3,0,0.373,0
flop,blind,wet,2.793,0.617,0.109,0,1,0.299,0
river,middle,semi_wet,0.933,0.893,0.071,0,2,0.512,0
flop,late,dry,0.942,0.071,0.112,1,0,0.523,0
river,early,semi_wet,0.691,0.474,0.276,1,3,0.662,0
river,blind,dry,0.813,0.97,0.151,1,3,0.44,0
turn,late,dry,0.42,0.795,0.213,1,1,0.283,1
flop,middle,wet,0.419,0.587,0.41,2,1,0.647,0
turn,late,semi_wet,0.369,0.571,0.214,0,1,0.544,0
flop,middle,dry,1.727,0.587,0.144,0,0,0.425,0
turn,early,semi_wet,0.403,0.271,0.502,1,2,0.364,0
river,blind,dry,2.78,0.707,0.247,1,0,0.852,0
river,blind,semi_wet,0.637,0.906,0.412,1,1,0.465,1
river,blind,wet,2.473,0.899,0.287,3,0,0.346,0
flop,middle,semi_wet,0.778,0.395,0.392,0,1,0.63,0
turn,middle,semi_wet,0.402,0.829,0.06,1,1,0.518,0
river,early,dry,1.927,0.817,0.625,1,0,0.436,0
turn,late,semi_wet,2.057,0.798,0.177,3,1,0.753,0
turn,middle,dry,0.578,0.511,0.291,2,0,0.875,0
flop,blind,dry,0.793,0.601,0.288,2,1,0.696,0
flop,blind,wet,0.578,0.312,0.083,2,2,0.84,0
turn,early,semi_wet,0.89,0.622,0.426,1,1,0.935,0
flop,blind,semi_wet,1.009,0.318,0.348,2,1,0.575,1
flop,early,dry,0.784,0.658,0.432,0,1,0.548,0
river,middle,wet,0.35,0.675,0.586,1,1,0.736,0
river,middle,dry,0.691,0.407,0.032,0,0,0.531,0
turn,blind,semi_wet,1.401,0.622,0.264,2,1,0.449,1
river,late,wet,0.848,0.507,0.414,2,0,0.704,1
river,blind,semi_wet,0.794,0.738,0.087,0,0,0.309,1
flop,late,wet,0.57,0.51,0.007,1,0,0.534,0
turn,blind,dry,0.68,0.272,0.625,0,0,0.786,0
turn,blind,semi_wet,2.065,0.645,0.729,0,0,0.406,1
flop,blind,wet,0.508,0.438,0.118,1,1,0.353,1
river,middle,semi_wet,1.414,0.759,0.353,2,1,0.565,0
turn,middle,semi_wet,0.976,0.503,0.503,4,1,0.647,1
turn,blind,dry,1.088,0.825,0.353,0,1,0.501,0
flop,blind,wet,0.636,0.611,0.179,1,2,0.61,0
flop,blind,wet,0.784,0.746,0.595,2,2,0.433,1
river,late,semi_wet,0.948,0.512,0.315,0,0,0.341,0
flop,blind,wet,0.714,0.388,0.112,1,3,0.655,0
flop,late,semi_wet,1.141,0.562,0.187,1,1,0.806,0
flop,late,semi_wet,1.223,0.293,0.555,1,2,0.196,0
turn,early,dry,3.0,0.515,0.515,0,1,0.497,0
turn,late,semi_wet,1.108,0.163,0.429,1,1,0.818,0
turn,late,wet,0.332,0.833,0.29,4,0,0.389,0
flop,blind,semi_wet,1.803,0.964,0.074,2,2,0.768,0
flop,blind,dry,0.85,0.512,0.16,2,0,0.548,1
river,middle,semi_wet,2.876,0.669,0.41,3,1,0.761,0
turn,middle,wet,2.136,0.573,0.646,0,1,0.69,0
turn,blind,wet,0.72,0.694,0.122,3,0,0.179,0
turn,blind,dry,1.415,0.921,0.499,0,0,0.644,0
river,early,dry,0.686,0.724,0.105,0,0,0.619,0
flop,middle,semi_wet,0.953,0.82,0.482,0,4,0.589,0
turn,blind,dry,1.38,0.816,0.548,1,2,0.669,1
turn,early,wet,1.754,0.801,0.419,1,2,0.36,0
flop,blind,semi_wet,1.556,0.762,0.45,2,2,0.623,0
river,early,semi_wet,0.991,0.31,0.303,0,0,0.491,0
turn,early,dry,3.0,0.648,0.209,1,1,0.499,1
river,blind,semi_wet,0.778,0.579,0.044,4,2,0.766,0
river,late,wet,0.393,0.337,0.453,0,2,0.755,1
turn,late,semi_wet,0.437,0.776,0.308,0,2,0.241,0
river,blind,dry,2.14,0.63,0.5,2,0,0.533,0
turn,middle,dry,0.912,0.37,0.641,2,3,0.379,0
river,late,wet,1.038,0.528,0.766,0,2,0.712,1
flop,late,wet,0.706,0.179,0.183,1,1,0.705,0
turn,late,dry,0.742,0.826,0.627,1,2,0.431,1
turn,middle,semi_wet,0.617,0.766,0.345,0,0,0.789,0
flop,late,dry,1.233,0.423,0.188,0,1,0.287,0
turn,middle,semi_wet,0.902,0.513,0.537,1,3,0.468,0
river,late,dry,1.208,0.717,0.214,1,0,0.402,0
turn,blind,wet,1.146,0.244,0.383,0,1,0.342,1
flop,middle,wet,0.753,0.595,0.121,2,1,0.608,0
flop,late,dry,0.426,0.257,0.339,3,4,0.692,1
flop,blind,semi_wet,0.406,0.276,0.345,0,1,0.967,0
flop,blind,dry,3.0,0.655,0.209,0,1,0.498,1
river,blind,dry,2.145,0.808,0.272,1,0,0.619,0
turn,late,dry,1.988,0.523,0.311,2,1,0.495,0
flop,middle,dry,0.656,0.396,0.231,2,0,0.288,0
turn,blind,wet,0.956,0.306,0.1,1,1,0.68,0
flop,late,dry,0.607,0.778,0.074,1,1,0.621,0
flop,early,wet,0.462,0.226,0.203,2,1,0.854,1
river,middle,dry,0.688,0.834,0.223,2,2,0.904,0
turn,middle,semi_wet,1.973,0.424,0.288,0,0,0.237,1
river,blind,semi_wet,1.51,0.675,0.353,3,2,0.717,0
turn,early,wet,0.558,0.595,0.098,0,3,0.835,0
turn,late,dry,0.8,0.85,0.475,2,0,0.33,1
river,late,dry,1.436,0.641,0.133,3,1,0.816,0
river,early,semi_wet,0.695,0.595,0.149,0,1,0.45,1
river,late,semi_wet,0.994,0.649,0.541,0,0,0.796,0
river,blind,semi_wet,1.187,0.263,0.22,2,1,0.384,1
river,late,dry,1.179,0.816,0.136,2,0,0.326,1
river,late,dry,1.094,0.581,0.09,2,0,0.432,0
flop,middle,wet,0.664,0.89,0.413,2,1,0.733,1
river,early,semi_wet,0.703,0.302,0.809,2,2,0.364,0
turn,early,semi_wet,0.51,0.239,0.381,0,0,0.456,1
turn,middle,dry,0.403,0.185,0.205,1,1,0.91,0
turn,late,dry,0.893,0.806,0.329,1,0,0.688,1
river,early,wet,1.49,0.894,0.462,2,0,0.192,1
river,blind,semi_wet,0.445,0.705,0.102,0,0,0.895,1
flop,late,dry,1.105,0.653,0.399,2,1,0.242,1
river,middle,wet,1.465,0.321,0.402,1,1,0.552,0
river,blind,semi_wet,0.346,0.674,0.136,0,1,0.352,1
flop,early,dry,0.82,0.462,0.061,2,0,0.777,1
flop,blind,dry,2.352,0.679,0.466,1,1,0.701,0
flop,middle,semi_wet,1.289,0.422,0.36,1,3,0.938,0
river,middle,dry,0.34,0.327,0.344,4,0,0.545,1
turn,middle,semi_wet,1.366,0.468,0.352,1,1,0.729,0
river,blind,semi_wet,0.63,0.531,0.338,1,1,0.714,1
turn,middle,dry,1.391,0.943,0.244,0,0,0.739,0
river,blind,wet,0.651,0.144,0.2,0,2,0.276,0
turn,middle,dry,0.924,0.515,0.329,0,0,0.394,0
river,middle,semi_wet,0.708,0.824,0.397,0,4,0.328,1
flop,late,semi_wet,0.953,0.444,0.051,1,1,0.539,0
turn,late,semi_wet,0.696,0.795,0.115,4,0,0.897,0
river,middle,semi_wet,0.841,0.88,0.484,1,0,0.728,0
river,early,semi_wet,0.498,0.536,0.317,2,0,0.787,0
river,middle,wet,1.246,0.822,0.145,2,0,0.247,0
flop,late,wet,1.048,0.636,0.625,1,0,0.773,0
turn,early,wet,0.391,0.55,0.067,1,0,0.675,0
flop,early,dry,1.642,0.461,0.766,0,1,0.498,1
flop,blind,semi_wet,0.863,0.778,0.031,2,3,0.634,0
turn,early,semi_wet,1.04,0.765,0.199,1,0,0.758,1
river,middle,dry,1.448,0.771,0.21,2,2,0.332,1
river,blind,wet,1.139,0.721,0.372,1,3,0.682,1
river,middle,dry,1.806,0.674,0.229,1,1,0.37,0
river,middle,dry,0.81,0.891,0.05,1,0,0.412,1
river,early,dry,1.68,0.383,0.453,0,0,0.929,0
flop,blind,dry,1.018,0.369,0.408,0,0,0.595,0
flop,late,dry,1.258,0.565,0.389,1,1,0.753,1
turn,blind,semi_wet,1.188,0.706,0.199,1,2,0.845,0
river,blind,semi_wet,1.882,0.597,0.217,0,2,0.433,1
flop,middle,dry,1.415,0.501,0.435,1,2,0.912,1
turn,early,dry,0.746,0.583,0.342,1,1,0.667,1
turn,middle,wet,0.669,0.805,0.397,1,1,0.794,1
flop,early,dry,0.926,0.563,0.092,0,2,0.459,0
turn,late,semi_wet,0.626,0.484,0.248,2,1,0.916,1
river,early,semi_wet,0.533,0.499,0.425,0,0,0.672,0
turn,blind,semi_wet,0.295,0.253,0.369,0,0,0.849,0
flop,late,wet,0.406,0.508,0.606,1,0,0.542,0
river,middle,semi_wet,2.835,0.762,0.117,0,0,0.837,0
flop,blind,wet,0.663,0.219,0.521,0,0,0.802,0
river,blind,wet,2.71,0.456,0.602,0,2,0.126,1
flop,middle,dry,1.187,0.935,0.444,0,0,0.672,0
turn,early,dry,0.926,0.609,0.321,0,0,0.782,0
turn,middle,dry,0.417,0.779,0.398,0,0,0.834,0
flop,late,dry,0.954,0.202,0.37,1,2,0.951,0
river,blind,semi_wet,2.693,0.798,0.347,2,1,0.221,0
flop,middle,dry,2.241,0.254,0.499,0,1,0.502,0
flop,late,dry,1.106,0.85,0.5,1,1,0.811,0
flop,middle,dry,0.506,0.649,0.416,1,0,0.849,0
river,early,semi_wet,0.562,0.815,0.07,2,0,0.714,0
river,middle,semi_wet,0.595,0.452,0.21,1,0,0.89,0
river,early,wet,1.921,0.675,0.283,0,2,0.346,0
flop,middle,dry,2.334,0.723,0.163,0,0,0.378,0
turn,middle,dry,1.059,0.519,0.527,1,0,0.307,1
flop,middle,wet,0.805,0.799,0.371,4,2,0.08,1
turn,blind,semi_wet,2.23,0.388,0.25,2,2,0.743,0
river,middle,semi_wet,0.555,0.566,0.628,2,2,0.539,1
river,late,semi_wet,0.979,0.402,0.244,2,1,0.344,1
turn,late,dry,1.227,0.488,0.372,1,0,0.622,0
turn,late,wet,0.592,0.6,0.409,2,0,0.734,1
river,middle,semi_wet,0.67,0.785,0.222,1,1,0.781,0
turn,blind,semi_wet,0.642,0.617,0.154,2,3,0.333,0
flop,early,semi_wet,2.073,0.549,0.037,1,1,0.523,1
turn,middle,dry,2.726,0.723,0.424,1,1,0.633,0
flop,blind,dry,1.013,0.858,0.355,1,1,0.407,1
flop,middle,wet,0.821,0.594,0.438,1,2,0.931,0
flop,late,semi_wet,0.684,0.352,0.267,0,0,0.812,0
turn,early,dry,0.952,0.453,0.083,1,0,0.757,0
turn,late,dry,0.703,0.799,0.027,0,1,0.715,1
flop,blind,wet,0.902,0.216,0.323,1,2,0.439,0
turn,late,dry,1.194,0.404,0.49,1,0,0.511,0
river,late,semi_wet,0.761,0.769,0.582,1,0,0.832,0
river,blind,semi_wet,0.857,0.876,0.221,1,4,0.411,0
turn,middle,wet,0.859,0.512,0.137,0,0,0.524,0
flop,middle,semi_wet,0.799,0.766,0.127,1,1,0.886,0
river,early,wet,0.746,0.607,0.532,3,0,0.694,1
flop,late,dry,1.447,0.482,0.413,4,1,0.506,0
flop,late,wet,0.359,0.837,0.16,1,0,0.722,0
river,blind,wet,2.261,0.387,0.233,1,1,0.262,1
turn,late,semi_wet,1.025,0.326,0.119,1,1,0.878,0
river,early,semi_wet,1.33,0.449,0.489,0,0,0.938,0
turn,late,dry,1.417,0.298,0.216,2,2,0.716,1
turn,blind,semi_wet,0.644,0.515,0.576,2,0,0.773,1
flop,early,dry,0.575,0.305,0.521,0,0,0.612,1
flop,middle,dry,0.539,0.302,0.239,2,1,0.583,0
flop,blind,wet,0.83,0.483,0.285,0,1,0.983,0
flop,middle,dry,1.397,0.254,0.414,3,1,0.644,0
river,blind,semi_wet,0.69,0.158,0.37,2,0,0.241,0
flop,late,dry,1.329,0.857,0.348,2,0,0.983,0
turn,late,dry,0.259,0.394,0.388,1,0,0.688,1
river,late,dry,0.769,0.619,0.152,3,2,0.957,1
river,late,dry,1.807,0.731,0.297,1,0,0.696,0
turn,blind,semi_wet,0.866,0.83,0.597,0,1,0.616,1
turn,blind,wet,0.603,0.313,0.166,3,1,0.761,1
river,middle,semi_wet,0.663,0.731,0.39,0,3,0.777,1
turn,blind,wet,0.18,0.894,0.061,2,0,0.795,1
river,late,semi_wet,0.545,0.838,0.266,1,1,0.348,0
river,late,semi_wet,1.701,0.366,0.186,0,2,0.616,0
river,middle,dry,0.69,0.824,0.022,0,1,0.857,1
flop,middle,dry,0.737,0.835,0.399,0,2,0.589,0
turn,late,wet,0.264,0.731,0.468,2,1,0.1,1
flop,middle,semi_wet,0.388,0.453,0.484,1,1,0.7,1
turn,middle,semi_wet,1.83,0.566,0.283,1,0,0.518,1
river,blind,wet,1.336,0.793,0.46,0,0,0.802,0
turn,middle,dry,0.466,0.809,0.32,0,0,0.243,1
turn,late,wet,0.672,0.715,0.158,0,1,0.774,0
flop,early,dry,0.936,0.339,0.619,0,1,0.602,1
river,early,wet,0.493,0.778,0.534,1,1,0.52,0
flop,blind,dry,0.316,0.318,0.087,0,1,0.652,0
flop,early,dry,0.871,0.153,0.027,1,1,0.309,0
flop,blind,semi_wet,1.303,0.445,0.29,1,0,0.933,0
flop,blind,dry,1.317,0.31,0.581,3,1,0.72,0
turn,middle,wet,1.539,0.657,0.582,0,1,0.476,0
turn,blind,semi_wet,0.405,0.65,0.391,2,0,0.408,1
flop,middle,dry,0.982,0.719,0.27,1,1,0.665,0
flop,blind,dry,0.821,0.238,0.475,0,1,0.437,0
flop,early,wet,0.907,0.441,0.566,2,2,0.614,0
turn,middle,semi_wet,0.847,0.396,0.556,0,1,0.659,1
flop,middle,wet,0.661,0.505,0.431,0,2,0.485,1
turn,blind,dry,0.181,0.29,0.135,0,3,0.412,0
flop,early,wet,1.802,0.377,0.291,0,2,0.708,0
flop,blind,semi_wet,1.141,0.857,0.419,0,4,0.875,0
turn,early,semi_wet,0.42,0.556,0.336,0,0,0.29,1
turn,middle,dry,1.234,0.633,0.355,5,2,0.425,0
flop,late,dry,0.744,0.605,0.385,1,1,0.445,0
flop,early,wet,0.755,0.743,0.509,0,0,0.496,0
river,middle,wet,0.623,0.903,0.369,2,0,0.649,0
flop,blind,dry,1.278,0.277,0.444,2,0,0.596,0
turn,blind,wet,0.613,0.635,0.24,0,0,0.857,0
turn,early,dry,0.52,0.802,0.421,1,0,0.892,0
flop,late,dry,1.773,0.49,0.176,0,1,0.258,0
turn,late,dry,0.862,0.783,0.095,2,1,0.531,1
river,early,dry,0.877,0.891,0.375,0,1,0.752,0
river,late,dry,1.392,0.776,0.186,1,1,0.606,0
flop,late,dry,0.659,0.825,0.483,3,1,0.66,0
flop,late,dry,0.735,0.541,0.484,2,0,0.718,1
flop,middle,semi_wet,1.125,0.505,0.242,1,0,0.765,0
turn,middle,wet,0.407,0.258,0.595,2,0,0.303,0
turn,late,semi_wet,1.074,0.522,0.069,1,0,0.503,0
flop,late,dry,0.628,0.462,0.177,1,1,0.464,0
flop,early,wet,1.523,0.596,0.63,1,1,0.647,1
river,early,dry,1.285,0.652,0.638,1,2,0.533,0
flop,late,wet,1.195,0.418,0.363,0,0,0.8,0
turn,blind,semi_wet,0.393,0.925,0.432,1,2,0.548,0
river,early,dry,0.899,0.44,0.238,2,2,0.912,0
flop,early,dry,0.498,0.909,0.509,1,0,0.813,0
flop,blind,wet,0.932,0.711,0.581,1,1,0.408,0
flop,late,wet,0.266,0.652,0.452,3,4,0.728,0
river,blind,semi_wet,0.408,0.767,0.326,2,0,0.508,0
flop,blind,wet,1.829,0.379,0.534,1,1,0.338,1
flop,blind,wet,1.165,0.443,0.413,2,1,0.775,0
flop,early,dry,0.783,0.72,0.075,2,0,0.44,0
flop,middle,semi_wet,0.577,0.372,0.341,0,2,0.421,0
turn,early,dry,0.524,0.634,0.466,2,0,0.652,1
flop,early,semi_wet,1.062,0.479,0.233,1,2,0.292,0
turn,blind,dry,0.787,0.629,0.46,2,0,0.265,1
turn,late,wet,2.227,0.265,0.565,2,2,0.379,0
river,early,semi_wet,0.859,0.472,0.357,0,4,0.592,0
flop,early,dry,0.982,0.826,0.575,3,1,0.866,0
river,early,dry,0.443,0.725,0.626,0,0,0.727,0
turn,middle,semi_wet,0.78,0.731,0.44,1,3,0.503,0
flop,middle,semi_wet,1.048,0.496,0.056,3,0,0.497,0
river,middle,wet,0.775,0.944,0.219,1,0,0.413,0
river,blind,dry,0.728,0.509,0.509,3,0,0.799,0
flop,early,semi_wet,1.139,0.694,0.228,2,1,0.551,1
river,late,semi_wet,2.188,0.783,0.087,1,3,0.778,0
turn,middle,dry,1.03,0.623,0.099,2,0,0.301,0
turn,middle,semi_wet,1.785,0.507,0.398,2,1,0.301,0
river,blind,dry,1.339,0.775,0.484,0,0,0.255,0
turn,blind,dry,1.727,0.59,0.077,1,1,0.64,1
river,early,semi_wet,0.68,0.769,0.217,2,1,0.568,1
flop,middle,wet,0.849,0.506,0.269,0,0,0.568,0
river,early,dry,0.851,0.414,0.345,1,1,0.85,1
turn,middle,dry,1.285,0.314,0.127,1,1,0.825,0
flop,late,semi_wet,1.471,0.635,0.519,1,1,0.514,0
turn,middle,wet,1.019,0.921,0.238,2,0,0.549,1
flop,middle,semi_wet,1.541,0.663,0.361,0,1,0.162,0
flop,middle,dry,0.698,0.433,0.458,1,0,0.924,0
flop,middle,semi_wet,1.548,0.348,0.335,1,1,0.401,1
flop,middle,semi_wet,1.663,0.401,0.32,0,1,0.482,0
flop,middle,semi_wet,1.381,0.547,0.43,2,0,0.725,0
flop,late,dry,1.024,0.576,0.076,2,0,0.74,0
river,early,dry,1.408,0.681,0.062,1,1,0.93,0
river,early,dry,0.582,0.278,0.388,0,3,0.811,0
river,late,semi_wet,1.061,0.567,0.465,0,0,0.62,0
flop,late,dry,1.122,0.225,0.557,2,0,0.572,0
river,middle,dry,0.458,0.435,0.368,3,0,0.771,0
turn,early,semi_wet,1.235,0.473,0.422,1,1,0.892,0
flop,late,wet,0.479,0.423,0.719,2,2,0.839,0
flop,middle,dry,0.752,0.755,0.353,0,1,0.697,0
turn,late,semi_wet,0.972,0.476,0.413,0,1,0.285,1
flop,early,semi_wet,0.636,0.69,0.603,0,0,0.712,0
turn,early,dry,0.995,0.242,0.503,0,1,0.592,0
river,late,wet,0.987,0.554,0.2,1,1,0.572,1
flop,middle,wet,0.606,0.558,0.468,0,2,0.796,1
flop,late,dry,1.3,0.383,0.384,1,2,0.665,1
river,late,dry,0.625,0.857,0.1,1,1,0.431,0
turn,middle,dry,3.0,0.538,0.355,3,3,0.567,1
flop,early,dry,0.896,0.595,0.39,2,4,0.394,1
river,early,semi_wet,0.499,0.578,0.269,1,0,0.723,0
river,blind,wet,0.554,0.629,0.276,0,1,0.763,0
turn,early,wet,1.788,0.348,0.277,1,0,0.083,0
turn,late,dry,0.76,0.352,0.163,1,0,0.799,0
flop,blind,semi_wet,0.449,0.725,0.251,0,0,0.233,1
flop,blind,dry,1.521,0.491,0.178,0,1,0.527,0
turn,middle,semi_wet,0.757,0.983,0.409,0,0,0.211,1
flop,early,dry,1.363,0.901,0.223,1,2,0.164,1
turn,blind,wet,1.591,0.611,0.297,4,0,0.409,0
river,late,wet,1.106,0.608,0.106,2,2,0.634,0
flop,middle,dry,3.0,0.887,0.293,1,2,0.64,0
turn,late,semi_wet,0.368,0.737,0.389,2,2,0.627,1
flop,early,semi_wet,0.607,0.6,0.196,3,2,0.778,0
river,late,wet,0.826,0.395,0.469,0,0,0.774,1
flop,late,semi_wet,3.0,0.797,0.174,2,2,0.494,0
turn,middle,dry,2.557,0.216,0.501,1,2,0.787,1
turn,middle,semi_wet,1.932,0.552,0.867,1,2,0.596,0
turn,middle,dry,0.615,0.941,0.295,2,0,0.331,1
turn,early,semi_wet,0.655,0.5,0.548,0,3,0.897,0
river,early,dry,0.603,0.894,0.277,4,1,0.514,0
turn,blind,semi_wet,0.618,0.831,0.332,1,0,0.283,1
river,middle,wet,2.162,0.517,0.35,0,1,0.742,0
river,early,dry,0.832,0.572,0.314,1,0,0.71,0
turn,early,semi_wet,0.895,0.362,0.5,1,3,0.564,0
turn,middle,semi_wet,1.456,0.631,0.477,3,0,0.729,1
flop,blind,dry,0.381,0.911,0.533,0,1,0.855,1
river,middle,semi_wet,0.979,0.737,0.303,0,1,0.47,0
turn,blind,semi_wet,0.52,0.622,0.207,1,4,0.654,1
turn,middle,dry,0.809,0.585,0.44,2,0,0.337,1
flop,blind,wet,0.689,0.319,0.433,1,1,0.447,0
river,blind,semi_wet,0.67,0.731,0.194,2,3,0.602,1
turn,early,semi_wet,1.077,0.668,0.312,1,0,0.534,0
turn,early,dry,1.074,0.783,0.34,4,1,0.832,1
flop,blind,dry,0.843,0.418,0.269,2,2,0.572,0
river,blind,dry,1.166,0.241,0.49,1,3,0.494,0
flop,early,wet,0.59,0.489,0.574,1,1,0.722,0
flop,late,wet,1.384,0.423,0.628,0,1,0.721,1
river,blind,wet,0.849,0.222,0.262,1,2,0.625,1
river,blind,dry,0.729,0.53,0.164,2,0,0.791,0
flop,middle,semi_wet,0.614,0.306,0.051,2,0,0.701,0
turn,blind,wet,0.833,0.9,0.086,1,1,0.716,1
river,late,semi_wet,2.661,0.38,0.156,0,0,0.786,0
river,blind,dry,0.919,0.633,0.238,1,1,0.597,1
turn,early,wet,0.507,0.778,0.49,1,2,0.889,0
turn,late,dry,1.577,0.49,0.169,2,1,0.863,0
river,early,dry,0.734,0.326,0.388,1,1,0.43,0
river,middle,wet,1.112,0.778,0.632,0,2,0.675,0
river,early,semi_wet,0.682,0.649,0.368,2,0,0.477,0
turn,middle,dry,1.924,0.408,0.229,1,1,0.287,0
flop,blind,semi_wet,0.687,0.289,0.199,1,0,0.48,0
river,late,wet,2.052,0.302,0.158,2,1,0.525,0
river,middle,dry,0.534,0.538,0.467,2,1,0.317,1
river,middle,wet,0.81,0.716,0.225,2,0,0.425,0
flop,middle,dry,2.054,0.391,0.556,1,1,0.706,0
flop,late,dry,1.043,0.95,0.274,0,0,0.667,1
river,middle,semi_wet,3.0,0.612,0.396,2,1,0.452,1
flop,early,semi_wet,0.82,0.443,0.168,2,2,0.347,1
river,late,dry,1.096,0.476,0.489,0,0,0.89,0
turn,blind,semi_wet,2.712,0.634,0.531,2,0,0.594,0
river,middle,semi_wet,0.414,0.484,0.148,1,4,0.815,0
river,early,semi_wet,0.386,0.102,0.481,2,2,0.185,1
turn,early,semi_wet,0.614,0.407,0.293,0,0,0.882,0
flop,blind,wet,1.488,0.41,0.465,1,0,0.798,0
turn,blind,semi_wet,0.392,0.678,0.064,3,1,0.864,0
turn,early,semi_wet,1.321,0.499,0.27,0,0,0.7,0
turn,early,semi_wet,1.271,0.27,0.243,0,0,0.586,1
turn,early,semi_wet,2.88,0.497,0.202,1,2,0.778,0
river,middle,dry,1.69,0.336,0.195,1,0,0.355,0
turn,blind,dry,1.162,0.709,0.092,0,2,0.511,0
flop,early,dry,2.009,0.423,0.684,1,0,0.836,1
turn,blind,dry,1.279,0.406,0.33,1,2,0.674,0
turn,early,wet,0.739,0.812,0.521,2,1,0.952,0
flop,late,semi_wet,0.507,0.579,0.405,2,1,0.683,0
flop,middle,semi_wet,0.695,0.636,0.417,0,2,0.653,0
turn,blind,semi_wet,0.93,0.703,0.476,3,1,0.451,0
flop,middle,semi_wet,1.047,0.177,0.485,2,1,0.664,0
river,middle,semi_wet,0.294,0.844,0.487,0,0,0.716,0
flop,early,semi_wet,0.843,0.853,0.487,1,0,0.871,0
flop,blind,semi_wet,0.966,0.798,0.279,0,2,0.717,1
river,middle,dry,1.285,0.65,0.318,0,1,0.649,0
river,middle,semi_wet,2.327,0.495,0.359,1,1,0.692,0
flop,late,semi_wet,1.053,0.773,0.181,1,2,0.233,0
flop,late,wet,0.577,0.686,0.124,1,2,0.424,0
flop,late,wet,0.35,0.544,0.052,0,1,0.599,0
turn,middle,wet,1.388,0.753,0.231,1,2,0.655,1
turn,early,semi_wet,0.59,0.553,0.347,0,1,0.726,0
flop,early,dry,1.532,0.585,0.307,1,1,0.793,0
flop,early,semi_wet,2.052,0.904,0.359,1,0,0.738,1
turn,late,wet,0.407,0.74,0.306,1,1,0.422,0
river,late,wet,1.29,0.401,0.257,2,0,0.56,1
turn,late,wet,1.937,0.325,0.343,1,1,0.608,0
turn,blind,dry,1.666,0.775,0.239,2,1,0.628,0
flop,early,semi_wet,0.3,0.357,0.136,1,0,0.661,0
flop,blind,wet,0.595,0.826,0.468,1,0,0.482,1
flop,blind,semi_wet,0.47,0.514,0.196,2,1,0.706,0
river,late,semi_wet,1.269,0.25,0.284,2,2,0.698,0
river,late,semi_wet,1.194,0.689,0.617,0,1,0.865,1
river,early,semi_wet,0.216,0.661,0.268,1,0,0.463,0
river,early,dry,0.806,0.58,0.379,2,0,0.53,0
river,early,dry,1.478,0.803,0.146,1,1,0.325,0
river,late,wet,1.032,0.155,0.57,0,0,0.301,1
flop,middle,wet,1.031,0.703,0.297,1,2,0.366,0
flop,early,wet,0.778,0.678,0.329,0,2,0.245,1
flop,early,dry,0.531,0.642,0.164,1,0,0.41,0
turn,early,dry,0.942,0.656,0.143,0,1,0.266,0
flop,late,dry,0.979,0.548,0.113,0,2,0.459,0
river,late,wet,1.334,0.4,0.231,1,1,0.654,0
turn,late,semi_wet,1.395,0.343,0.538,2,2,0.349,1
turn,early,wet,0.997,0.712,0.635,2,3,0.419,0
flop,early,dry,1.737,0.438,0.631,1,3,0.466,0
flop,early,semi_wet,0.774,0.286,0.303,1,1,0.245,0
flop,blind,wet,0.43,0.257,0.125,0,1,0.768,0
river,late,dry,1.237,0.35,0.253,0,1,0.772,1
turn,middle,wet,1.02,0.454,0.121,2,2,0.209,1
river,early,semi_wet,1.25,0.522,0.329,2,0,0.622,0
flop,middle,dry,0.475,0.78,0.311,1,2,0.523,0
turn,blind,dry,2.547,0.237,0.16,0,1,0.969,0
turn,early,wet,1.406,0.917,0.172,2,1,0.629,1
river,blind,semi_wet,0.812,0.567,0.338,1,3,0.936,0
river,middle,wet,0.569,0.8,0.268,1,2,0.881,0
flop,early,wet,1.72,0.611,0.405,2,2,0.547,0
river,blind,semi_wet,0.519,0.835,0.53,1,1,0.364,0
flop,late,wet,3.0,0.755,0.222,0,4,0.827,0
river,late,wet,0.679,0.538,0.06,4,0,0.678,0
flop,early,dry,2.45,0.575,0.572,1,0,0.6,0
flop,middle,wet,0.859,0.896,0.637,2,0,0.703,1
river,late,dry,2.269,0.63,0.467,0,0,0.675,1
flop,late,dry,0.635,0.606,0.181,3,0,0.186,0
turn,early,semi_wet,0.961,0.613,0.154,1,0,0.365,0
turn,late,wet,1.481,0.352,0.3,1,1,0.449,0
flop,blind,dry,1.369,0.391,0.262,1,2,0.691,0
river,blind,semi_wet,1.743,0.93,0.536,2,3,0.751,1
river,early,semi_wet,0.728,0.39,0.378,0,0,0.859,0
river,blind,dry,0.997,0.693,0.24,0,4,0.254,0
flop,late,wet,1.89,0.925,0.548,3,4,0.542,0
turn,early,wet,0.645,0.372,0.15,3,0,0.871,0
flop,early,dry,1.303,0.772,0.564,4,1,0.324,1
flop,blind,dry,0.843,0.646,0.237,1,0,0.686,0
flop,early,wet,1.065,0.557,0.593,0,1,0.716,0
river,early,dry,0.997,0.564,0.16,1,2,0.363,1
river,middle,dry,0.617,0.371,0.249,3,0,0.464,0
river,late,wet,0.824,0.351,0.356,2,0,0.305,0
turn,late,wet,1.03,0.408,0.92,1,1,0.625,1
turn,late,semi_wet,0.899,0.375,0.306,3,0,0.518,1
turn,blind,semi_wet,2.259,0.605,0.696,2,0,0.069,0
turn,blind,wet,1.658,0.19,0.478,0,0,0.661,0
turn,early,semi_wet,1.116,0.6,0.118,1,1,0.296,0
flop,early,semi_wet,0.625,0.763,0.731,1,1,0.49,0
flop,early,wet,0.605,0.602,0.184,2,0,0.713,0
river,middle,semi_wet,2.817,0.343,0.089,0,0,0.773,0
turn,middle,semi_wet,0.546,0.964,0.518,2,0,0.983,0
river,blind,dry,1.013,0.824,0.339,2,1,0.473,0
flop,middle,semi_wet,1.16,0.424,0.218,1,2,0.612,0
turn,early,semi_wet,0.802,0.486,0.225,1,1,0.889,0
flop,blind,dry,0.548,0.262,0.215,0,0,0.664,0
flop,middle,semi_wet,0.618,0.786,0.398,2,1,0.544,1
flop,blind,wet,0.704,0.894,0.124,0,2,0.257,0
flop,blind,semi_wet,0.644,0.72,0.131,0,0,0.942,1
river,blind,dry,1.974,0.603,0.303,1,2,0.375,0
flop,blind,dry,0.946,0.28,0.463,4,0,0.89,0
turn,early,dry,0.713,0.872,0.035,0,2,0.527,1
turn,late,wet,1.009,0.759,0.303,1,1,0.101,1
turn,middle,semi_wet,1.374,0.591,0.354,2,1,0.863,0
turn,late,dry,0.787,0.226,0.212,1,1,0.781,0
flop,late,wet,1.562,0.218,0.258,1,0,0.604,0
river,late,dry,0.473,0.865,0.346,2,0,0.61,0
river,middle,dry,1.812,0.698,0.336,0,0,0.339,0
river,blind,wet,0.947,0.561,0.375,1,3,0.611,0
turn,late,semi_wet,0.926,0.607,0.234,0,1,0.096,1
flop,blind,wet,0.65,0.49,0.242,0,0,0.433,1
river,early,wet,0.484,0.51,0.316,2,0,0.798,0
flop,blind,wet,0.38,0.316,0.458,3,1,0.383,1
flop,middle,dry,0.625,0.628,0.185,0,0,0.175,1
flop,middle,wet,1.314,0.711,0.258,5,2,0.571,0
river,blind,semi_wet,0.561,0.284,0.386,1,1,0.109,0
turn,middle,dry,0.406,0.092,0.089,0,0,0.519,0
river,middle,wet,0.577,0.762,0.347,1,0,0.218,0
river,blind,semi_wet,0.77,0.618,0.257,5,0,0.8,0
flop,blind,wet,0.787,0.537,0.702,1,2,0.96,0
river,middle,semi_wet,0.886,0.753,0.211,2,0,0.583,0
turn,middle,semi_wet,1.679,0.734,0.061,0,0,0.941,0
turn,early,dry,1.891,0.469,0.134,1,0,0.804,0
flop,early,wet,2.866,0.467,0.074,2,1,0.902,0
river,late,semi_wet,0.389,0.682,0.207,1,1,0.812,0
flop,middle,dry,0.594,0.752,0.307,1,1,0.728,0
flop,blind,dry,1.397,0.659,0.381,1,0,0.688,0
turn,early,wet,0.741,0.373,0.14,1,2,0.691,1
flop,late,dry,1.527,0.252,0.603,0,3,0.517,0
flop,late,semi_wet,1.066,0.727,0.28,0,0,0.765,0
turn,late,semi_wet,2.267,0.586,0.024,1,1,0.367,0
turn,early,dry,1.688,0.647,0.23,3,1,0.672,0
river,middle,semi_wet,1.705,0.197,0.096,1,1,0.492,1
flop,late,dry,0.758,0.624,0.299,0,1,0.318,0
river,middle,wet,0.902,0.407,0.511,2,0,0.448,1
turn,blind,wet,0.804,0.882,0.216,0,0,0.558,0
turn,late,dry,0.416,0.459,0.176,2,1,0.776,1
turn,middle,semi_wet,2.137,0.464,0.606,0,0,0.561,0
turn,early,semi_wet,1.433,0.831,0.36,1,1,0.467,1
river,early,wet,0.787,0.22,0.221,2,0,0.869,0
flop,middle,dry,1.949,0.35,0.416,0,1,0.152,0
flop,middle,semi_wet,0.673,0.917,0.278,0,1,0.635,0
turn,blind,wet,0.346,0.541,0.306,5,1,0.752,0
river,blind,dry,1.655,0.814,0.589,2,2,0.53,0
flop,early,semi_wet,0.471,0.337,0.323,3,0,0.532,0
turn,late,dry,0.854,0.422,0.6,1,0,0.271,0
river,middle,semi_wet,1.065,0.469,0.287,0,1,0.543,0
river,early,dry,1.176,0.52,0.645,1,0,0.57,0
river,late,wet,1.517,0.544,0.083,2,1,0.512,0
turn,late,semi_wet,1.309,0.781,0.281,0,3,0.249,0
turn,early,dry,1.287,0.212,0.102,1,0,0.809,0
flop,middle,wet,0.616,0.19,0.112,0,0,0.401,1
river,late,wet,1.118,0.452,0.525,0,2,0.926,0
turn,middle,semi_wet,0.416,0.517,0.301,0,1,0.882,1
river,middle,semi_wet,2.246,0.972,0.167,0,2,0.316,1
turn,early,dry,0.44,0.796,0.439,1,0,0.511,1
turn,early,semi_wet,0.786,0.951,0.098,3,1,0.654,1
river,blind,dry,0.461,0.607,0.6,2,2,0.542,1
turn,late,dry,0.637,0.938,0.231,1,0,0.781,0
river,early,wet,0.958,0.937,0.529,2,1,0.85,0
turn,middle,semi_wet,0.711,0.701,0.125,1,4,0.484,0
turn,early,dry,1.785,0.321,0.349,2,1,0.343,0
flop,middle,dry,1.078,0.202,0.483,1,1,0.608,0
turn,early,wet,0.737,0.718,0.166,0,2,0.524,0
turn,late,dry,0.884,0.51,0.419,1,0,0.386,0
flop,late,dry,1.86,0.595,0.148,0,0,0.531,0
flop,late,dry,1.568,0.405,0.394,0,2,0.165,1
turn,middle,dry,0.508,0.901,0.082,1,0,0.594,0
turn,middle,dry,0.654,0.657,0.411,3,1,0.916,0
turn,early,wet,1.235,0.441,0.456,1,2,0.614,1
flop,early,dry,1.155,0.547,0.214,1,0,0.816,0
flop,middle,semi_wet,0.534,0.59,0.294,0,0,0.741,0
flop,middle,semi_wet,1.436,0.574,0.234,0,0,0.483,0
river,late,semi_wet,0.583,0.892,0.295,0,2,0.599,1
river,early,semi_wet,1.949,0.491,0.164,0,1,0.77,0
flop,middle,semi_wet,1.273,0.656,0.475,3,2,0.579,0
turn,blind,semi_wet,0.51,0.333,0.388,1,1,0.487,0
flop,blind,semi_wet,0.711,0.321,0.579,1,1,0.505,0
flop,blind,wet,0.704,0.749,0.177,1,3,0.888,0
flop,middle,semi_wet,1.039,0.956,0.457,1,1,0.453,1
flop,early,wet,0.85,0.791,0.302,1,1,0.823,0
turn,early,dry,0.507,0.814,0.414,2,0,0.819,0
river,early,semi_wet,0.442,0.692,0.753,1,1,0.791,1
flop,blind,semi_wet,1.287,0.406,0.505,1,2,0.751,0
turn,blind,dry,1.113,0.54,0.096,2,0,0.375,1
river,blind,wet,1.008,0.595,0.04,0,1,0.955,0
river,late,dry,1.104,0.866,0.36,0,1,0.316,0
turn,middle,dry,0.677,0.5,0.24,2,1,0.322,1
flop,middle,wet,1.053,0.782,0.118,2,0,0.636,0
turn,blind,dry,3.0,0.632,0.568,0,0,0.404,1
flop,blind,semi_wet,1.815,0.199,0.351,3,2,0.605,0
river,late,dry,0.812,0.537,0.24,3,0,0.55,1
turn,blind,wet,0.713,0.458,0.214,0,0,0.117,0
turn,middle,semi_wet,0.197,0.704,0.147,1,1,0.248,0
flop,middle,semi_wet,1.712,0.603,0.32,0,3,0.294,0
turn,blind,wet,1.466,0.788,0.305,1,1,0.883,0
river,middle,semi_wet,0.705,0.491,0.516,1,1,0.991,0
turn,blind,wet,0.433,0.346,0.388,0,0,0.927,1
turn,middle,wet,0.504,0.734,0.523,3,0,0.799,0
river,middle,semi_wet,1.215,0.863,0.311,1,3,0.269,1
river,early,wet,0.906,0.915,0.331,1,1,0.746,1
flop,late,semi_wet,1.391,0.876,0.245,1,1,0.382,1
turn,middle,dry,0.998,0.221,0.167,1,1,0.798,0
turn,middle,dry,1.619,0.705,0.109,1,2,0.719,0
turn,late,semi_wet,1.166,0.815,0.392,0,0,0.604,0
flop,early,dry,1.501,0.501,0.419,0,1,0.76,1
flop,early,semi_wet,0.301,0.899,0.515,1,0,0.536,1
river,blind,dry,0.482,0.701,0.299,1,1,0.562,0
river,late,semi_wet,0.778,0.451,0.425,3,1,0.801,0
river,late,dry,1.722,0.819,0.481,1,3,0.691,0
river,early,wet,2.676,0.662,0.216,1,1,0.8,1
river,late,dry,0.869,0.519,0.496,2,1,0.687,0
river,middle,dry,0.68,0.667,0.184,0,1,0.662,0
river,late,semi_wet,0.325,0.694,0.18,1,2,0.407,1
turn,early,semi_wet,1.53,0.719,0.428,0,2,0.834,0
turn,late,semi_wet,0.703,0.874,0.417,2,2,0.736,1
flop,late,semi_wet,3.0,0.649,0.236,0,2,0.414,1
turn,middle,dry,0.633,0.683,0.108,0,2,0.563,0
flop,early,wet,3.0,0.609,0.086,2,1,0.639,0
flop,blind,semi_wet,1.436,0.613,0.402,1,1,0.452,0
turn,late,dry,0.54,0.64,0.182,0,2,0.617,0
turn,late,wet,1.081,0.757,0.259,1,1,0.723,0
flop,blind,semi_wet,1.454,0.267,0.756,1,0,0.467,0
river,late,semi_wet,0.84,0.763,0.093,0,1,0.669,1
river,early,semi_wet,1.508,0.487,0.193,1,3,0.28,1
flop,middle,semi_wet,1.49,0.896,0.389,0,2,0.578,1
flop,blind,semi_wet,1.32,0.941,0.365,1,0,0.436,0
flop,middle,dry,0.943,0.862,0.269,0,0,0.465,0
river,blind,dry,0.498,0.809,0.08,0,2,0.56,1
river,early,wet,0.912,0.364,0.298,1,0,0.706,0
flop,middle,semi_wet,1.048,0.515,0.548,1,0,0.519,0
river,middle,semi_wet,0.339,0.391,0.331,2,1,0.8,0
flop,late,dry,1.044,0.348,0.113,0,1,0.607,0
turn,early,semi_wet,0.902,0.966,0.213,1,2,0.795,0
river,early,dry,0.466,0.726,0.578,2,4,0.518,0
flop,late,dry,0.792,0.319,0.673,1,3,0.404,1
flop,middle,dry,0.801,0.411,0.397,1,0,0.679,0
turn,blind,semi_wet,2.75,0.699,0.306,2,1,0.229,0
turn,blind,semi_wet,1.074,0.745,0.473,0,0,0.848,0
river,middle,dry,1.682,0.898,0.218,0,3,0.832,0
river,late,dry,0.892,0.506,0.429,1,0,0.569,1
flop,middle,semi_wet,0.339,0.713,0.201,2,3,0.652,0
flop,middle,semi_wet,1.377,0.774,0.174,0,1,0.452,0
river,late,semi_wet,0.662,0.43,0.083,2,0,0.854,0
flop,middle,dry,0.791,0.69,0.504,0,2,0.447,0
river,early,semi_wet,0.533,0.516,0.278,1,2,0.596,0
turn,middle,wet,0.99,0.759,0.367,3,2,0.796,0
flop,blind,semi_wet,1.709,0.878,0.538,1,2,0.342,1
river,middle,dry,1.589,0.455,0.153,0,3,0.789,1
flop,middle,semi_wet,2.276,0.901,0.137,3,0,0.367,0
turn,late,dry,2.461,0.308,0.638,0,2,0.401,1
turn,early,dry,0.309,0.941,0.298,1,2,0.786,0
turn,middle,dry,0.493,0.509,0.356,2,2,0.312,1
turn,early,wet,0.352,0.545,0.366,0,0,0.916,0
turn,blind,semi_wet,1.347,0.627,0.078,3,0,0.328,0
river,blind,wet,0.65,0.83,0.453,0,1,0.486,1
river,blind,semi_wet,0.727,0.789,0.469,0,1,0.956,0
turn,early,semi_wet,0.844,0.475,0.216,1,1,0.891,0
flop,late,dry,1.174,0.616,0.302,1,0,0.905,0
river,late,semi_wet,0.42,0.799,0.407,1,1,0.746,0
river,blind,dry,0.476,0.702,0.325,1,2,0.591,1
flop,early,semi_wet,0.952,0.632,0.47,2,2,0.822,0
turn,late,dry,1.839,0.548,0.324,1,0,0.535,0
turn,early,dry,0.938,0.294,0.232,1,0,0.345,0
flop,late,semi_wet,0.615,0.643,0.255,1,1,0.817,0
turn,blind,dry,0.292,0.329,0.36,0,0,0.605,0
turn,early,dry,1.606,0.747,0.328,1,3,0.619,0
river,early,wet,0.635,0.407,0.267,2,3,0.85,0
river,blind,dry,0.506,0.805,0.502,0,2,0.6,0
river,early,dry,0.37,0.287,0.056,0,3,0.532,0
turn,late,dry,0.431,0.884,0.258,3,1,0.443,0
flop,late,dry,0.561,0.866,0.26,3,3,0.811,0
river,middle,semi_wet,0.834,0.654,0.34,0,1,0.774,0
river,blind,dry,0.489,0.283,0.193,1,3,0.579,0
turn,blind,semi_wet,1.054,0.713,0.196,1,3,0.47,1
river,middle,semi_wet,0.831,0.376,0.233,1,0,0.519,0
flop,early,dry,3.0,0.697,0.245,0,0,0.763,1
river,early,wet,0.373,0.492,0.356,2,3,0.556,0
flop,early,wet,1.04,0.74,0.226,2,0,0.446,0
flop,blind,dry,1.047,0.396,0.321,0,0,0.645,0
turn,late,dry,0.54,0.259,0.242,0,1,0.805,0
flop,late,dry,1.002,0.445,0.68,2,1,0.647,0
flop,early,dry,1.452,0.562,0.219,1,2,0.822,0
flop,blind,semi_wet,1.003,0.54,0.258,0,0,0.62,0
turn,late,semi_wet,2.037,0.628,0.19,1,2,0.771,0
river,blind,semi_wet,0.287,0.81,0.071,0,1,0.242,0
flop,middle,dry,0.599,0.536,0.067,2,0,0.527,0
turn,late,dry,2.141,0.512,0.292,0,1,0.527,0
river,late,wet,1.571,0.706,0.199,2,0,0.473,0
flop,middle,wet,1.281,0.545,0.534,0,0,0.789,0
flop,late,dry,1.874,0.28,0.159,3,1,0.637,0
river,middle,semi_wet,0.332,0.222,0.368,2,1,0.56,0
river,blind,semi_wet,1.473,0.612,0.259,1,5,0.479,1
turn,late,semi_wet,1.708,0.517,0.178,1,2,0.453,1
river,late,semi_wet,0.662,0.753,0.214,1,0,0.705,1
flop,late,wet,3.0,0.519,0.489,0,2,0.716,1
turn,middle,dry,1.06,0.786,0.201,0,1,0.444,1
river,blind,dry,0.285,0.631,0.736,1,0,0.523,1
flop,early,wet,1.173,0.945,0.508,0,0,0.422,0
river,late,dry,0.64,0.295,0.384,3,1,0.636,1
turn,early,dry,1.805,0.609,0.674,1,0,0.742,1
river,middle,semi_wet,1.286,0.524,0.598,0,2,0.551,1
turn,late,wet,0.685,0.672,0.161,1,0,0.679,1
turn,middle,semi_wet,2.174,0.551,0.41,1,0,0.792,0
flop,blind,wet,1.595,0.936,0.103,0,1,0.505,0
flop,late,semi_wet,0.603,0.766,0.127,1,0,0.346,1
river,middle,dry,0.875,0.712,0.156,1,1,0.683,0
flop,middle,semi_wet,1.264,0.377,0.133,2,3,0.423,0
flop,late,wet,0.779,0.246,0.107,1,3,0.923,0
flop,blind,wet,0.791,0.741,0.2,2,2,0.563,0
flop,middle,dry,0.971,0.947,0.334,0,0,0.891,0
river,late,dry,0.529,0.744,0.449,0,2,0.83,0
turn,late,wet,0.279,0.689,0.164,1,1,0.389,1
river,early,dry,1.085,0.513,0.188,1,0,0.458,1
flop,blind,dry,0.319,0.588,0.461,0,1,0.636,0
turn,late,wet,0.551,0.652,0.346,3,1,0.598,1
turn,early,semi_wet,0.359,0.588,0.232,0,1,0.817,0
turn,late,dry,0.384,0.592,0.103,1,0,0.255,0
river,late,dry,1.203,0.55,0.17,0,0,0.777,1
river,blind,dry,0.842,0.341,0.229,1,1,0.571,1
river,early,wet,0.825,0.311,0.107,2,1,0.903,0
flop,middle,semi_wet,0.461,0.567,0.334,1,0,0.921,0
flop,early,dry,0.663,0.56,0.052,1,0,0.286,1
turn,late,dry,1.17,0.54,0.056,1,1,0.565,0
flop,late,dry,0.924,0.872,0.718,2,1,0.659,1
river,middle,dry,1.496,0.835,0.312,1,0,0.66,0
turn,blind,dry,1.617,0.803,0.275,0,0,0.522,1
turn,late,semi_wet,0.828,0.601,0.637,1,3,0.529,0
river,middle,dry,0.343,0.745,0.335,0,3,0.582,0
river,early,dry,0.627,0.617,0.217,0,0,0.406,1
flop,middle,semi_wet,0.901,0.75,0.591,1,3,0.874,0
flop,blind,semi_wet,0.621,0.784,0.61,4,1,0.499,1
turn,middle,dry,0.533,0.559,0.452,0,1,0.57,0
turn,blind,dry,0.988,0.444,0.424,1,2,0.402,0
flop,late,dry,3.0,0.604,0.363,2,1,0.995,1
turn,late,dry,0.727,0.728,0.293,3,1,0.532,1
river,middle,semi_wet,0.95,0.77,0.369,2,3,0.584,0
river,late,dry,0.462,0.505,0.465,1,1,0.457,1
turn,early,wet,1.885,0.438,0.341,3,2,0.426,0
turn,early,semi_wet,1.539,0.643,0.323,3,0,0.76,0
flop,middle,dry,1.482,0.86,0.024,2,0,0.925,1
turn,late,dry,2.01,0.624,0.241,1,2,0.784,0
flop,late,dry,0.752,0.323,0.542,0,2,0.678,0
turn,middle,dry,0.805,0.857,0.082,5,1,0.468,1
turn,middle,semi_wet,2.436,0.528,0.338,0,1,0.356,1
flop,late,dry,1.347,0.974,0.164,2,0,0.746,0
flop,late,wet,0.281,0.592,0.27,2,4,0.409,0
flop,early,semi_wet,1.222,0.308,0.24,1,2,0.548,1
river,middle,semi_wet,0.691,0.749,0.303,1,1,0.314,0
turn,late,wet,1.559,0.353,0.345,2,1,0.708,0
flop,blind,semi_wet,1.191,0.488,0.221,3,1,0.511,0
river,middle,wet,0.365,0.491,0.3,0,2,0.436,0
turn,blind,wet,1.103,0.49,0.402,2,2,0.806,0
turn,late,dry,1.068,0.599,0.089,2,1,0.689,0
river,middle,dry,1.162,0.824,0.539,1,0,0.772,0
flop,late,dry,1.305,0.541,0.327,1,2,0.687,1
flop,blind,dry,2.166,0.845,0.478,1,2,0.421,0
turn,early,semi_wet,1.194,0.158,0.385,2,0,0.388,1
flop,early,dry,0.963,0.806,0.432,2,1,0.733,0
turn,middle,semi_wet,1.789,0.49,0.061,1,2,0.685,1
flop,early,wet,3.0,0.335,0.458,2,2,0.218,1
flop,blind,dry,1.573,0.668,0.205,1,1,0.674,0
flop,blind,semi_wet,1.065,0.619,0.416,0,1,0.336,0
turn,late,dry,1.207,0.504,0.118,2,0,0.635,1
flop,blind,wet,1.095,0.116,0.197,0,2,0.374,0
flop,early,semi_wet,0.961,0.975,0.483,0,2,0.634,0
river,late,dry,3.0,0.484,0.193,1,0,0.677,0
flop,middle,semi_wet,0.63,0.658,0.489,1,1,0.811,0
turn,middle,dry,1.795,0.667,0.398,0,0,0.405,0
flop,middle,semi_wet,0.888,0.459,0.15,1,1,0.62,0
turn,late,semi_wet,0.421,0.481,0.274,0,0,0.268,0
flop,late,semi_wet,0.858,0.816,0.516,1,1,0.335,0
turn,early,semi_wet,0.704,0.617,0.086,1,0,0.667,0
flop,late,wet,1.307,0.966,0.49,1,1,0.58,0
river,blind,wet,1.0,0.524,0.367,2,1,0.243,0
river,early,semi_wet,0.542,0.696,0.75,2,0,0.418,0
flop,blind,semi_wet,2.136,0.527,0.25,2,1,0.912,0
flop,late,semi_wet,1.733,0.755,0.187,0,1,0.472,1
flop,middle,wet,2.276,0.316,0.619,2,5,0.49,1
turn,late,wet,1.084,0.972,0.291,2,0,0.452,0
flop,late,dry,0.933,0.395,0.43,0,0,0.829,0
river,blind,dry,1.401,0.56,0.137,1,2,0.619,0
river,early,dry,0.692,0.918,0.756,2,0,0.786,1
river,early,dry,1.022,0.551,0.187,0,0,0.452,1
turn,late,dry,0.864,0.483,0.461,2,1,0.199,1
river,middle,dry,0.426,0.699,0.315,0,3,0.444,0
flop,early,semi_wet,1.02,0.641,0.281,1,0,0.718,1
turn,middle,dry,0.746,0.544,0.428,1,0,0.545,0
flop,late,dry,0.832,0.337,0.085,0,2,0.539,0
river,early,semi_wet,1.162,0.783,0.616,0,1,0.779,0
turn,blind,dry,1.915,0.652,0.116,1,2,0.472,0
river,middle,semi_wet,0.596,0.604,0.666,2,0,0.228,0
flop,early,wet,0.79,0.661,0.136,2,0,0.422,1
river,early,wet,0.625,0.636,0.436,2,3,0.783,0
turn,blind,semi_wet,0.603,0.634,0.514,3,1,0.116,1
turn,early,dry,0.686,0.666,0.376,3,1,0.648,1
river,middle,dry,0.854,0.448,0.412,4,2,0.363,0
turn,late,wet,1.313,0.359,0.242,1,0,0.517,0
turn,late,semi_wet,1.135,0.779,0.288,2,0,0.482,0
turn,middle,wet,0.532,0.618,0.458,1,0,0.776,0
flop,early,semi_wet,1.938,0.386,0.193,1,2,0.604,1
flop,late,dry,1.599,0.772,0.642,2,0,0.691,0
flop,middle,semi_wet,0.579,0.274,0.446,1,0,0.718,0
flop,early,wet,1.865,0.303,0.366,1,1,0.697,0
river,early,wet,1.139,0.725,0.107,1,1,0.638,0
turn,late,dry,0.873,0.525,0.141,2,0,0.551,0
turn,early,semi_wet,1.158,0.736,0.109,3,1,0.588,0
turn,middle,dry,0.938,0.133,0.418,1,1,0.297,1
turn,early,wet,1.284,0.794,0.39,1,0,0.792,1
turn,blind,dry,1.054,0.666,0.195,2,3,0.839,0
river,late,semi_wet,0.79,0.739,0.325,2,0,0.666,1
river,blind,dry,0.312,0.82,0.42,1,1,0.324,0
turn,early,semi_wet,1.271,0.5,0.367,0,0,0.611,0
flop,middle,semi_wet,0.775,0.355,0.131,1,0,0.623,0
turn,middle,dry,1.459,0.637,0.619,0,1,0.38,0
turn,late,wet,1.24,0.518,0.016,2,0,0.597,0
turn,blind,wet,0.786,0.819,0.356,1,1,0.693,1
turn,early,wet,1.67,0.566,0.487,1,0,0.571,1
turn,blind,dry,1.065,0.434,0.203,1,2,0.137,0
flop,late,semi_wet,1.041,0.942,0.319,0,2,0.248,1
flop,blind,semi_wet,0.882,0.207,0.146,0,3,0.929,0
turn,early,semi_wet,2.401,0.387,0.196,1,1,0.708,1
flop,blind,semi_wet,0.643,0.761,0.593,0,0,0.254,0
flop,middle,semi_wet,0.797,0.797,0.446,1,1,0.26,0
river,middle,dry,0.482,0.674,0.286,0,0,0.752,0
turn,early,semi_wet,1.419,0.55,0.14,2,2,0.875,0
flop,blind,dry,0.691,0.564,0.26,1,0,0.338,1
turn,blind,dry,0.735,0.656,0.333,1,0,0.75,0
river,early,dry,0.716,0.779,0.22,0,0,0.926,1
flop,middle,dry,0.985,0.919,0.291,0,0,0.692,1
river,late,wet,0.478,0.663,0.015,0,1,0.133,1
river,late,semi_wet,0.277,0.38,0.287,2,2,0.715,0
turn,early,dry,1.224,0.749,0.281,1,1,0.659,0
turn,middle,wet,0.297,0.402,0.511,1,1,0.479,1
flop,middle,wet,1.522,0.343,0.213,0,1,0.412,0
river,middle,wet,2.242,0.911,0.425,1,1,0.299,1
turn,blind,wet,0.869,0.908,0.461,2,0,0.688,0
river,early,wet,1.944,0.443,0.421,1,0,0.54,0
turn,late,semi_wet,0.939,0.763,0.352,1,0,0.34,1
flop,blind,wet,2.292,0.454,0.335,2,2,0.405,1
flop,blind,wet,0.74,0.66,0.436,1,2,0.482,1
turn,blind,dry,0.259,0.518,0.259,2,2,0.627,0
turn,early,wet,0.91,0.66,0.344,0,0,0.242,1
flop,early,wet,2.434,0.529,0.226,0,2,0.659,0
river,blind,wet,1.277,0.596,0.53,2,1,0.816,0
river,late,wet,0.716,0.779,0.465,3,2,0.612,0
turn,late,dry,1.14,0.594,0.151,2,1,0.369,1
turn,middle,semi_wet,1.623,0.934,0.339,2,0,0.724,0
flop,late,semi_wet,0.907,0.294,0.416,0,1,0.306,1
river,early,semi_wet,3.0,0.611,0.558,1,0,0.586,0
flop,middle,wet,0.716,0.903,0.491,1,2,0.446,0
river,late,wet,1.651,0.676,0.354,2,0,0.848,1
turn,early,semi_wet,1.446,0.404,0.13,1,0,0.199,0
turn,early,wet,0.647,0.587,0.337,5,1,0.734,0
flop,early,dry,0.753,0.762,0.324,0,1,0.439,0
flop,early,wet,1.665,0.433,0.298,0,2,0.36,0
river,blind,dry,1.03,0.486,0.517,0,0,0.944,1
turn,late,semi_wet,1.146,0.51,0.453,1,1,0.764,0
turn,blind,dry,0.387,0.707,0.463,1,1,0.603,0
river,middle,semi_wet,1.365,0.357,0.559,1,1,0.664,0
river,late,dry,1.114,0.62,0.356,1,1,0.471,0
river,blind,dry,0.918,0.551,0.339,1,0,0.646,1
flop,middle,semi_wet,1.16,0.506,0.401,1,4,0.769,0
turn,late,semi_wet,0.76,0.701,0.071,1,0,0.664,0
river,late,dry,0.687,0.94,0.325,1,1,0.857,0
turn,blind,semi_wet,0.833,0.547,0.218,0,2,0.536,0
flop,blind,dry,0.737,0.441,0.434,3,1,0.795,0
river,late,dry,3.0,0.728,0.536,1,0,0.881,1
turn,late,dry,1.571,0.439,0.345,2,1,0.539,1
turn,blind,semi_wet,0.558,0.556,0.059,0,0,0.303,0
river,late,wet,2.915,0.617,0.792,0,1,0.67,1
turn,middle,semi_wet,0.75,0.493,0.32,0,0,0.629,0
turn,late,wet,0.967,0.809,0.478,1,2,0.431,0
turn,late,semi_wet,1.558,0.395,0.546,2,1,0.644,0
turn,early,wet,0.322,0.685,0.739,3,0,0.358,1
flop,late,wet,0.835,0.642,0.367,2,0,0.877,0
river,late,dry,0.694,0.075,0.682,2,1,0.746,1
river,blind,dry,1.065,0.531,0.314,0,1,0.481,0
flop,late,dry,1.166,0.702,0.055,1,2,0.301,0
flop,early,semi_wet,0.912,0.89,0.452,3,0,0.449,1
river,blind,semi_wet,0.889,0.898,0.751,0,0,0.48,1
flop,late,dry,1.709,0.413,0.047,1,3,0.341,0
turn,middle,wet,1.123,0.452,0.176,2,2,0.416,0
turn,blind,wet,0.973,0.599,0.667,0,0,0.725,1
turn,middle,dry,1.032,0.624,0.64,1,0,0.804,0
flop,middle,dry,2.611,0.83,0.152,0,3,0.667,0
turn,blind,dry,1.046,0.648,0.525,0,0,0.537,1
turn,blind,dry,0.717,0.5,0.422,2,2,0.824,0
turn,late,wet,0.333,0.46,0.271,2,1,0.662,0
flop,middle,semi_wet,0.432,0.747,0.378,0,2,0.814,0
turn,blind,dry,0.736,0.941,0.296,0,1,0.713,0
turn,early,semi_wet,0.896,0.706,0.339,2,1,0.657,0
flop,late,dry,0.701,0.144,0.206,1,0,0.908,0
flop,late,semi_wet,1.154,0.791,0.345,1,0,0.53,1
flop,blind,semi_wet,0.696,0.161,0.53,1,0,0.707,0
flop,middle,semi_wet,0.575,0.606,0.124,3,0,0.441,1
flop,blind,semi_wet,1.332,0.567,0.207,4,1,0.465,0
river,early,wet,2.02,0.745,0.109,0,0,0.827,0
turn,blind,dry,0.517,0.707,0.291,0,2,0.478,0
river,early,wet,1.088,0.953,0.152,2,0,0.512,0
river,late,dry,0.334,0.487,0.08,0,1,0.336,0
flop,early,dry,0.423,0.49,0.152,2,0,0.781,0
turn,blind,wet,0.688,0.68,0.497,2,0,0.711,1
river,blind,semi_wet,1.776,0.52,0.588,2,2,0.454,1
turn,early,dry,0.62,0.346,0.292,4,1,0.606,0
turn,blind,semi_wet,0.607,0.796,0.457,2,2,0.28,1
turn,middle,semi_wet,0.97,0.672,0.069,1,2,0.441,0
flop,late,wet,0.971,0.382,0.202,1,1,0.351,0
turn,early,semi_wet,0.618,0.689,0.495,2,0,0.652,1
river,early,dry,2.836,0.496,0.158,1,1,0.495,1
river,early,semi_wet,0.822,0.514,0.338,1,2,0.957,1
flop,late,dry,1.013,0.847,0.242,0,2,0.74,1
river,late,dry,0.763,0.557,0.377,2,0,0.287,0
flop,blind,semi_wet,1.212,0.464,0.174,0,1,0.658,0
river,early,wet,1.876,0.222,0.156,0,1,0.841,0
flop,late,dry,2.375,0.614,0.348,1,1,0.467,0
river,early,wet,0.625,0.625,0.425,0,2,0.658,0
river,middle,semi_wet,1.743,0.831,0.562,1,0,0.61,1
flop,early,wet,1.287,0.512,0.193,0,0,0.468,1
flop,early,dry,1.626,0.575,0.236,1,0,0.478,0
river,late,dry,0.904,0.805,0.37,0,0,0.556,1
flop,blind,dry,0.858,0.513,0.646,0,1,0.644,1
turn,late,dry,1.591,0.449,0.301,1,2,0.651,1
river,blind,dry,1.608,0.382,0.367,1,1,0.795,0
turn,late,dry,2.25,0.359,0.343,1,0,0.685,0
turn,early,dry,1.061,0.677,0.149,0,0,0.789,0
turn,middle,dry,0.897,0.345,0.223,2,1,0.741,0
flop,blind,wet,0.246,0.401,0.453,2,0,0.717,0
river,early,wet,0.392,0.55,0.364,1,0,0.729,1
flop,early,dry,0.766,0.549,0.466,1,3,0.721,1
flop,blind,wet,0.519,0.787,0.594,2,1,0.787,0
flop,early,dry,1.489,0.583,0.35,1,2,0.517,0
river,blind,semi_wet,0.463,0.945,0.245,0,0,0.771,1
flop,blind,wet,0.722,0.776,0.218,3,1,0.961,0
river,late,semi_wet,0.738,0.748,0.639,0,1,0.558,0
river,late,dry,1.845,0.323,0.206,1,2,0.4,0
river,early,dry,0.681,0.311,0.212,1,1,0.443,1
river,middle,semi_wet,1.22,0.398,0.569,0,0,0.759,1
river,blind,semi_wet,1.059,0.575,0.31,1,1,0.418,1
river,blind,semi_wet,1.563,0.725,0.444,0,2,0.317,1
flop,middle,semi_wet,1.518,0.678,0.407,0,0,0.56,0
river,blind,dry,0.934,0.442,0.117,0,1,0.891,0
turn,blind,semi_wet,0.374,0.802,0.263,1,0,0.317,0
turn,early,dry,0.837,0.777,0.156,1,1,0.935,0
river,late,wet,0.941,0.582,0.189,0,0,0.838,0
river,late,semi_wet,1.113,0.919,0.194,0,0,0.837,0
river,late,semi_wet,0.634,0.151,0.131,1,3,0.704,0
turn,blind,semi_wet,1.782,0.511,0.641,1,1,0.513,0
turn,blind,dry,0.958,0.325,0.318,2,0,0.863,0
turn,late,dry,0.573,0.888,0.557,1,1,0.261,1
turn,middle,semi_wet,0.739,0.57,0.29,3,2,0.537,0
turn,blind,semi_wet,2.748,0.94,0.554,3,0,0.469,1
flop,blind,semi_wet,1.371,0.244,0.067,1,1,0.526,0
flop,late,wet,1.693,0.343,0.082,2,2,0.78,0
river,late,dry,0.536,0.767,0.305,1,1,0.76,0
turn,early,dry,0.651,0.485,0.335,1,1,0.605,0
river,middle,semi_wet,0.654,0.586,0.491,0,2,0.92,1
turn,early,dry,1.053,0.835,0.318,1,0,0.575,0
flop,late,dry,0.864,0.702,0.308,2,2,0.314,1
flop,blind,wet,0.727,0.315,0.303,1,1,0.759,0
flop,early,wet,0.779,0.726,0.32,0,1,0.642,0
river,blind,wet,0.615,0.565,0.089,0,0,0.76,0
flop,early,dry,0.862,0.319,0.46,2,1,0.555,0
turn,early,dry,1.755,0.577,0.539,3,0,0.934,0
river,blind,semi_wet,0.414,0.848,0.196,1,0,0.79,0
river,early,wet,1.151,0.787,0.363,0,2,0.562,0
flop,late,dry,2.032,0.625,0.183,1,1,0.383,1
flop,blind,dry,0.86,0.795,0.305,0,0,0.689,0
flop,middle,dry,0.711,0.453,0.407,1,1,0.54,0
flop,early,wet,1.581,0.337,0.454,0,1,0.76,0
flop,middle,wet,0.554,0.839,0.639,0,1,0.182,0
turn,early,semi_wet,0.939,0.252,0.337,0,0,0.7,0
river,late,dry,0.537,0.669,0.235,3,1,0.582,0
turn,blind,semi_wet,0.34,0.907,0.31,1,0,0.606,0
turn,blind,semi_wet,0.875,0.403,0.323,1,0,0.95,0
flop,blind,dry,0.475,0.408,0.269,3,1,0.659,0
river,blind,dry,0.945,0.675,0.308,1,1,0.797,0
turn,blind,semi_wet,1.756,0.749,0.079,0,0,0.64,0
river,blind,dry,2.638,0.367,0.131,1,1,0.565,1
river,late,wet,1.001,0.293,0.269,1,0,0.669,1
flop,blind,semi_wet,1.666,0.751,0.195,3,1,0.899,0
flop,middle,dry,1.185,0.755,0.592,1,1,0.461,1
flop,middle,semi_wet,0.771,0.327,0.358,0,2,0.479,1
turn,blind,semi_wet,0.33,0.844,0.442,5,0,0.903,0
river,middle,dry,2.327,0.382,0.25,1,0,0.396,0
turn,middle,semi_wet,0.534,0.692,0.34,0,0,0.662,0
river,early,dry,2.035,0.4,0.453,0,1,0.579,1
turn,middle,dry,1.278,0.57,0.406,0,0,0.627,0
flop,late,semi_wet,0.556,0.494,0.015,1,1,0.965,1
flop,blind,semi_wet,1.129,0.797,0.132,0,0,0.488,1
turn,early,dry,3.0,0.405,0.492,0,0,0.674,1
turn,late,dry,2.214,0.467,0.558,2,0,0.393,0
turn,blind,semi_wet,0.717,0.628,0.213,0,1,0.292,1
flop,blind,dry,0.643,0.723,0.519,1,0,0.305,1
river,blind,wet,1.005,0.693,0.205,2,1,0.937,0
flop,early,semi_wet,0.868,0.804,0.22,0,0,0.311,0
river,middle,wet,1.84,0.612,0.049,0,1,0.446,0
flop,blind,dry,1.429,0.47,0.657,0,1,0.313,1
flop,blind,wet,0.375,0.552,0.192,1,1,0.588,0
turn,late,dry,1.224,0.225,0.132,0,0,0.559,0
turn,blind,dry,0.862,0.858,0.163,1,1,0.829,0
turn,late,dry,0.971,0.4,0.164,0,0,0.884,0
turn,early,dry,1.091,0.769,0.201,0,1,0.178,1
river,blind,wet,1.839,0.412,0.53,0,0,0.792,0
turn,early,semi_wet,1.629,0.269,0.305,0,1,0.295,1
turn,middle,semi_wet,0.63,0.855,0.219,0,2,0.653,0
turn,early,semi_wet,0.921,0.755,0.438,2,0,0.669,0
flop,late,semi_wet,0.743,0.478,0.348,0,1,0.896,1
turn,early,semi_wet,0.377,0.602,0.464,0,0,0.728,1
flop,late,wet,0.896,0.854,0.631,0,0,0.182,0
turn,blind,semi_wet,2.624,0.328,0.132,2,0,0.481,0
flop,blind,semi_wet,0.371,0.742,0.102,0,1,0.503,0
river,middle,dry,0.939,0.311,0.197,0,2,0.773,0
turn,blind,wet,0.922,0.224,0.195,0,1,0.484,1
river,middle,dry,1.114,0.445,0.451,2,2,0.596,0
turn,late,dry,0.56,0.416,0.36,0,0,0.673,1
flop,late,wet,0.434,0.809,0.353,2,0,0.692,0
river,early,dry,0.446,0.492,0.105,2,1,0.296,0
turn,early,dry,1.978,0.4,0.09,2,2,0.786,0
river,early,dry,0.554,0.632,0.387,2,1,0.417,0
turn,blind,semi_wet,0.723,0.906,0.315,1,3,0.527,1
turn,blind,wet,3.0,0.757,0.155,0,0,0.813,0
river,middle,wet,0.635,0.302,0.297,1,1,0.758,0
turn,blind,semi_wet,1.148,0.632,0.16,0,1,0.728,0
flop,early,wet,1.708,0.504,0.06,1,0,0.859,0
turn,blind,semi_wet,1.663,0.35,0.185,0,0,0.717,0
turn,early,wet,0.457,0.338,0.269,2,0,0.498,0
river,early,dry,0.643,0.867,0.306,2,0,0.467,0
turn,blind,semi_wet,1.123,0.595,0.399,2,1,0.28,0
turn,middle,dry,2.748,0.579,0.162,1,1,0.765,1
river,middle,dry,0.626,0.567,0.413,3,1,0.634,1
turn,blind,semi_wet,0.725,0.883,0.33,4,1,0.391,0
river,middle,dry,1.198,0.892,0.456,3,1,0.717,0
turn,blind,semi_wet,1.338,0.57,0.5,0,1,0.686,0
flop,early,semi_wet,1.383,0.345,0.083,1,1,0.414,0
river,early,dry,0.597,0.245,0.424,2,0,0.882,0
flop,middle,semi_wet,0.71,0.671,0.441,0,0,0.959,0
flop,late,semi_wet,1.071,0.485,0.289,0,2,0.686,1
turn,early,wet,1.905,0.521,0.415,0,2,0.132,1
river,early,dry,0.834,0.35,0.575,0,1,0.733,0
river,late,wet,0.94,0.523,0.305,3,0,0.594,0
flop,middle,wet,0.541,0.384,0.239,1,0,0.589,0
flop,middle,semi_wet,2.651,0.402,0.301,1,0,0.363,0
river,early,dry,1.035,0.309,0.401,2,2,0.674,0
flop,early,semi_wet,1.721,0.49,0.308,3,1,0.588,1
flop,early,wet,0.967,0.248,0.294,1,2,0.622,0
flop,late,dry,0.997,0.345,0.2,0,1,0.445,0
turn,early,wet,0.417,0.199,0.281,2,0,0.923,0
river,early,wet,0.291,0.943,0.098,1,0,0.855,0
river,blind,semi_wet,1.894,0.742,0.266,1,1,0.71,1
river,middle,semi_wet,0.993,0.139,0.325,1,0,0.817,0
flop,late,semi_wet,1.066,0.821,0.422,0,0,0.783,0
turn,middle,wet,0.479,0.915,0.431,1,1,0.57,1
turn,blind,wet,0.579,0.521,0.303,0,0,0.916,1
flop,blind,dry,1.706,0.533,0.029,2,1,0.88,0
flop,middle,dry,2.477,0.802,0.205,0,0,0.753,1
flop,late,dry,0.676,0.458,0.522,0,1,0.43,0
flop,middle,wet,1.376,0.905,0.123,1,2,0.708,0
turn,blind,dry,1.056,0.924,0.426,1,1,0.463,1
river,middle,wet,0.89,0.736,0.346,0,5,0.579,0
flop,blind,semi_wet,2.634,0.821,0.065,3,2,0.612,0
turn,late,dry,0.741,0.362,0.05,0,1,0.532,0
river,late,wet,1.882,0.708,0.552,0,1,0.685,1
river,middle,semi_wet,1.173,0.746,0.164,0,3,0.82,0
river,blind,dry,0.942,0.488,0.179,2,3,0.888,0
turn,late,dry,2.023,0.462,0.204,0,2,0.94,0
river,blind,dry,1.116,0.282,0.303,1,4,0.764,0
flop,blind,dry,0.902,0.8,0.273,0,3,0.396,1
turn,early,dry,2.031,0.451,0.333,2,3,0.437,0
flop,blind,semi_wet,1.891,0.802,0.32,1,0,0.471,1
turn,blind,dry,1.842,0.365,0.641,1,2,0.607,1
turn,early,dry,0.15,0.632,0.225,2,1,0.402,0
flop,blind,dry,1.212,0.706,0.299,1,2,0.724,0
river,late,semi_wet,1.069,0.17,0.556,2,0,0.418,1
flop,middle,wet,0.933,0.801,0.432,0,1,0.246,1
flop,early,dry,1.33,0.424,0.286,1,0,0.7,0
flop,middle,dry,1.098,0.758,0.21,2,1,0.791,0
turn,early,semi_wet,1.381,0.389,0.426,3,2,0.584,1
flop,late,wet,0.821,0.642,0.511,0,1,0.888,0
turn,late,wet,2.168,0.952,0.642,1,2,0.232,1
flop,late,wet,1.46,0.779,0.107,2,1,0.819,0
river,late,wet,1.282,0.774,0.105,0,1,0.424,0
river,middle,semi_wet,1.248,0.25,0.346,1,0,0.815,0
turn,late,wet,1.798,0.618,0.415,0,1,0.668,1
turn,blind,dry,1.669,0.629,0.703,2,2,0.536,0
river,early,wet,0.894,0.544,0.572,0,1,0.819,0
river,middle,wet,1.64,0.422,0.324,0,2,0.688,1
turn,blind,wet,1.047,0.356,0.291,0,1,0.38,0
river,blind,semi_wet,2.73,0.706,0.193,1,1,0.593,0
river,blind,wet,1.74,0.452,0.597,1,3,0.784,0
river,early,dry,0.674,0.152,0.33,0,2,0.848,0
turn,middle,semi_wet,3.0,0.75,0.243,3,1,0.49,1
flop,early,dry,0.299,0.824,0.315,0,2,0.859,0
flop,blind,semi_wet,1.351,0.773,0.204,2,0,0.73,0
turn,late,semi_wet,0.649,0.946,0.172,2,1,0.645,0
turn,early,dry,2.678,0.677,0.418,1,0,0.524,0
turn,early,dry,1.093,0.132,0.387,1,0,0.227,0
turn,late,dry,0.615,0.609,0.257,0,0,0.598,1
turn,blind,semi_wet,0.822,0.51,0.408,0,1,0.652,1
river,blind,semi_wet,0.642,0.724,0.15,2,1,0.422,0
flop,blind,semi_wet,0.804,0.641,0.267,1,2,0.566,1
flop,blind,dry,0.794,0.634,0.261,0,2,0.888,1
river,blind,wet,0.629,0.4,0.205,1,0,0.545,0
river,blind,semi_wet,1.104,0.352,0.167,2,0,0.748,0
river,blind,dry,1.18,0.332,0.326,3,2,0.582,0
river,middle,dry,0.55,0.783,0.358,0,0,0.627,1
river,blind,semi_wet,0.382,0.417,0.377,0,0,0.603,0
flop,blind,dry,1.129,0.671,0.49,0,2,0.499,0
turn,early,dry,1.275,0.807,0.152,0,2,0.344,0
flop,late,dry,1.421,0.854,0.494,1,3,0.725,0
turn,middle,dry,1.288,0.548,0.41,1,4,0.494,0
river,early,dry,2.259,0.5,0.157,1,0,0.407,0
flop,early,dry,1.646,0.623,0.477,2,1,0.61,0
turn,early,wet,3.0,0.984,0.562,0,1,0.881,0
flop,blind,semi_wet,3.0,0.411,0.221,3,0,0.456,0
flop,blind,semi_wet,0.362,0.697,0.43,0,0,0.595,0
flop,early,semi_wet,0.284,0.501,0.471,1,3,0.666,0
flop,late,semi_wet,0.947,0.484,0.474,2,1,0.547,0
river,late,dry,1.255,0.682,0.572,0,0,0.811,0
turn,late,dry,0.912,0.712,0.525,1,0,0.596,0
river,late,dry,1.401,0.929,0.385,1,1,0.181,0
turn,blind,semi_wet,0.82,0.695,0.677,1,3,0.436,1
flop,late,semi_wet,0.649,0.883,0.636,0,0,0.95,0
flop,late,dry,0.706,0.542,0.586,1,1,0.494,0
river,late,semi_wet,0.852,0.389,0.388,1,0,0.96,0
flop,middle,wet,1.513,0.621,0.669,0,3,0.78,1
river,blind,dry,0.728,0.685,0.107,1,0,0.661,0
flop,middle,semi_wet,0.811,0.73,0.174,1,1,0.604,1
turn,blind,semi_wet,1.302,0.517,0.244,1,2,0.345,0
river,late,semi_wet,0.853,0.132,0.119,2,0,0.763,0
flop,late,semi_wet,1.758,0.465,0.233,3,0,0.619,0
flop,blind,semi_wet,0.574,0.739,0.4,0,0,0.588,0
river,late,dry,0.509,0.872,0.025,1,0,0.602,0
flop,late,semi_wet,1.125,0.357,0.269,2,0,0.267,0
turn,late,wet,1.188,0.708,0.762,1,1,0.54,0
turn,late,dry,0.591,0.715,0.258,3,1,0.533,1
flop,middle,wet,1.992,0.51,0.369,2,1,0.779,0
river,late,dry,2.742,0.446,0.7,1,1,0.156,1
river,blind,semi_wet,0.673,0.532,0.358,0,1,0.614,0
turn,late,semi_wet,2.155,0.355,0.147,2,1,0.742,0
river,blind,semi_wet,0.257,0.215,0.642,1,4,0.601,1
flop,blind,wet,1.719,0.457,0.355,0,3,0.725,0
flop,middle,dry,0.593,0.727,0.122,0,1,0.633,0
turn,early,semi_wet,1.627,0.617,0.329,0,0,0.903,0
river,middle,semi_wet,0.561,0.586,0.09,0,0,0.615,0
flop,blind,wet,0.916,0.714,0.06,0,2,0.553,0
flop,blind,semi_wet,0.609,0.772,0.386,1,1,0.593,0
turn,late,wet,0.846,0.525,0.164,2,1,0.314,0
river,blind,wet,2.602,0.682,0.621,1,0,0.424,1
flop,early,dry,0.896,0.581,0.337,1,1,0.498,0
turn,late,wet,3.0,0.584,0.23,2,1,0.393,1
river,late,wet,0.769,0.615,0.556,2,0,0.19,0
turn,late,dry,2.161,0.793,0.152,2,0,0.4,1
flop,late,semi_wet,0.389,0.884,0.268,1,0,0.654,0
flop,middle,dry,0.813,0.851,0.451,0,2,0.804,0
turn,late,semi_wet,0.708,0.774,0.463,2,1,0.588,1
turn,late,dry,2.216,0.49,0.609,3,2,0.688,1
river,blind,semi_wet,1.053,0.841,0.564,2,0,0.622,1
turn,early,semi_wet,0.302,0.567,0.151,0,1,0.675,0
turn,middle,semi_wet,0.463,0.938,0.213,0,1,0.821,1
river,middle,dry,0.545,0.65,0.239,1,3,0.626,0
turn,early,semi_wet,1.59,0.769,0.923,1,0,0.768,0
turn,middle,semi_wet,1.481,0.354,0.209,1,0,0.537,0
river,middle,semi_wet,0.806,0.804,0.101,1,0,0.456,1
flop,middle,dry,0.704,0.601,0.574,1,1,0.818,0
river,middle,dry,1.411,0.818,0.451,2,0,0.465,0
river,late,semi_wet,0.511,0.465,0.155,4,3,0.726,1
flop,late,wet,1.224,0.568,0.073,2,0,0.93,0
turn,middle,dry,1.168,0.773,0.27,0,5,0.664,1
flop,blind,semi_wet,0.818,0.592,0.342,0,1,0.458,0
flop,middle,dry,1.184,0.39,0.8,2,1,0.554,1
turn,late,semi_wet,1.006,0.521,0.302,4,1,0.497,0
flop,early,dry,1.251,0.703,0.179,3,1,0.318,0
river,early,semi_wet,0.457,0.787,0.304,0,1,0.406,0
river,middle,dry,1.334,0.776,0.27,0,1,0.475,1
river,middle,dry,1.673,0.423,0.475,0,1,0.674,0
flop,middle,dry,1.135,0.836,0.425,1,0,0.52,1
flop,early,dry,1.324,0.581,0.275,2,0,0.649,1
flop,middle,semi_wet,0.895,0.336,0.199,5,1,0.36,0
flop,late,wet,1.553,0.806,0.459,1,2,0.546,1
river,late,semi_wet,0.986,0.473,0.14,2,3,0.828,0
turn,early,wet,0.506,0.843,0.16,1,0,0.44,0
flop,middle,semi_wet,1.493,0.736,0.065,1,2,0.52,0
river,late,dry,0.387,0.865,0.446,1,0,0.695,1
turn,late,dry,1.111,0.745,0.46,2,1,0.496,0
flop,blind,semi_wet,0.77,0.845,0.37,1,1,0.496,1
flop,middle,dry,0.743,0.372,0.391,2,1,0.514,0
turn,late,wet,1.046,0.725,0.215,1,1,0.807,0
river,blind,semi_wet,0.644,0.856,0.285,1,1,0.736,1
flop,middle,semi_wet,1.261,0.358,0.095,4,0,0.533,0
river,blind,semi_wet,0.981,0.784,0.662,1,1,0.253,0
river,middle,dry,0.677,0.388,0.286,0,1,0.713,1
river,middle,semi_wet,1.986,0.426,0.833,0,0,0.832,1
flop,late,dry,1.065,0.824,0.339,1,1,0.454,0
flop,late,dry,1.346,0.789,0.275,3,1,0.403,1
river,late,dry,2.073,0.692,0.242,1,0,0.175,1
flop,early,dry,2.055,0.122,0.083,1,1,0.63,0
turn,early,semi_wet,1.309,0.843,0.032,0,1,0.423,1
river,blind,dry,0.805,0.948,0.321,1,0,0.677,0
flop,blind,dry,0.433,0.445,0.367,3,0,0.924,0
river,blind,wet,1.066,0.396,0.427,0,1,0.503,0
river,late,wet,1.737,0.72,0.368,0,0,0.495,0
river,blind,semi_wet,1.156,0.809,0.61,0,1,0.78,0
turn,middle,semi_wet,0.15,0.549,0.294,0,1,0.575,0
river,early,wet,1.535,0.774,0.287,1,3,0.581,0
turn,early,dry,1.588,0.754,0.346,0,2,0.942,1
river,middle,semi_wet,0.806,0.676,0.47,0,0,0.694,0
river,middle,dry,1.638,0.88,0.641,0,1,0.657,1
river,blind,semi_wet,1.344,0.788,0.118,0,2,0.427,0
flop,middle,wet,0.652,0.377,0.114,0,4,0.665,0
flop,late,wet,1.914,0.775,0.09,0,0,0.24,0
flop,middle,wet,0.474,0.607,0.442,1,0,0.608,0
turn,late,semi_wet,0.922,0.359,0.187,1,2,0.937,0
turn,late,semi_wet,0.873,0.555,0.379,2,1,0.797,0
turn,early,wet,0.604,0.218,0.164,0,0,0.957,1
turn,middle,semi_wet,1.124,0.679,0.566,1,2,0.905,1
river,early,semi_wet,1.956,0.703,0.465,2,0,0.386,0
river,blind,dry,1.889,0.459,0.368,0,0,0.7,0
flop,late,semi_wet,1.416,0.531,0.449,0,1,0.761,0
river,blind,dry,0.374,0.437,0.235,4,2,0.718,1
turn,blind,semi_wet,0.456,0.582,0.568,1,0,0.317,0
turn,early,dry,1.042,0.545,0.408,0,2,0.562,0
flop,late,semi_wet,0.933,0.369,0.593,1,1,0.774,0
river,early,dry,0.723,0.702,0.111,1,1,0.768,0
river,blind,dry,2.713,0.297,0.232,0,1,0.719,0
river,blind,semi_wet,1.008,0.613,0.186,0,2,0.512,0
river,late,dry,1.282,0.511,0.195,0,1,0.422,0
river,blind,wet,1.638,0.975,0.055,1,1,0.591,0
turn,blind,semi_wet,0.98,0.614,0.481,1,0,0.399,1
turn,blind,dry,3.0,0.059,0.138,0,0,0.712,0
turn,early,dry,0.567,0.677,0.268,1,0,0.262,1
river,early,wet,0.682,0.439,0.459,2,1,0.614,0
flop,blind,semi_wet,0.566,0.682,0.391,1,0,0.494,1
turn,middle,semi_wet,2.247,0.397,0.327,2,0,0.621,1
river,middle,dry,1.479,0.406,0.183,1,3,0.593,0
flop,early,semi_wet,0.705,0.661,0.262,0,1,0.381,0
river,late,wet,0.591,0.866,0.58,1,0,0.717,0
turn,blind,dry,2.037,0.361,0.223,0,1,0.839,0
river,blind,dry,1.161,0.907,0.238,0,2,0.291,1
river,late,dry,2.066,0.933,0.406,5,3,0.749,1
flop,late,dry,0.92,0.527,0.228,0,1,0.276,1
river,late,semi_wet,1.26,0.565,0.227,1,3,0.834,0
flop,middle,wet,1.122,0.715,0.189,3,2,0.928,1
turn,late,wet,0.675,0.27,0.182,0,3,0.695,0
turn,blind,wet,0.879,0.698,0.399,2,2,0.529,0
river,middle,dry,0.496,0.625,0.545,0,1,0.583,0
flop,middle,wet,1.248,0.924,0.315,2,0,0.748,0
flop,late,dry,1.446,0.797,0.345,4,1,0.594,0
river,late,dry,1.64,0.621,0.265,1,0,0.192,0
turn,early,semi_wet,1.372,0.311,0.413,1,0,0.422,1
turn,middle,dry,0.886,0.61,0.516,0,0,0.651,0
flop,late,wet,2.234,0.435,0.323,0,2,0.509,1
flop,late,wet,1.554,0.61,0.225,1,2,0.623,0
river,late,wet,2.042,0.332,0.404,0,1,0.349,1
flop,blind,wet,2.113,0.754,0.2,2,0,0.438,0
turn,late,dry,0.888,0.67,0.266,1,0,0.695,1
river,late,dry,1.177,0.878,0.098,2,0,0.45,0
flop,middle,wet,1.456,0.897,0.087,3,2,0.275,1
river,middle,semi_wet,0.506,0.503,0.298,0,0,0.476,0
flop,blind,wet,0.512,0.335,0.163,2,0,0.493,0
river,middle,dry,0.466,0.56,0.112,1,0,0.69,0
river,late,dry,0.896,0.573,0.379,1,0,0.704,1
river,early,dry,0.792,0.179,0.173,0,0,0.57,0
flop,early,semi_wet,0.432,0.372,0.268,1,1,0.813,0
turn,early,wet,1.033,0.16,0.141,1,1,0.917,0
river,early,wet,0.902,0.422,0.374,0,0,0.399,0
flop,late,dry,1.823,0.684,0.395,1,0,0.226,1
flop,late,semi_wet,2.878,0.759,0.442,1,0,0.352,0
flop,late,dry,1.223,0.778,0.099,1,0,0.55,0
river,middle,dry,0.648,0.678,0.29,1,0,0.558,0
river,late,dry,1.358,0.678,0.596,2,3,0.866,0
turn,early,semi_wet,0.956,0.805,0.25,0,1,0.9,0
river,middle,semi_wet,0.834,0.227,0.382,1,0,0.852,0
turn,early,dry,0.592,0.246,0.201,4,3,0.616,0
turn,early,semi_wet,0.737,0.779,0.314,1,2,0.079,0
turn,early,wet,0.863,0.35,0.117,1,0,0.847,0
turn,early,dry,1.48,0.661,0.4,1,1,0.414,1
flop,middle,dry,1.26,0.565,0.144,1,3,0.456,1
river,late,semi_wet,2.596,0.607,0.7,2,0,0.045,1
river,late,wet,1.378,0.449,0.097,1,1,0.874,0
flop,middle,wet,1.201,0.493,0.383,0,1,0.794,0
turn,early,dry,0.804,0.436,0.422,1,0,0.637,1
flop,early,semi_wet,0.538,0.916,0.006,1,0,0.711,1
river,late,wet,0.695,0.359,0.623,0,2,0.544,0
river,blind,dry,0.647,0.86,0.35,0,1,0.379,0
river,middle,semi_wet,0.233,0.976,0.405,1,1,0.359,0
flop,early,wet,0.546,0.591,0.307,0,0,0.728,0
flop,middle,dry,2.296,0.282,0.446,3,0,0.899,0
flop,early,semi_wet,1.165,0.411,0.304,0,0,0.355,0
flop,early,wet,0.773,0.593,0.177,1,1,0.54,0
flop,middle,dry,1.184,0.797,0.358,5,1,0.505,0
flop,blind,semi_wet,0.325,0.703,0.268,0,0,0.809,0
river,late,semi_wet,1.111,0.154,0.119,0,1,0.64,0
flop,blind,wet,1.921,0.639,0.101,0,0,0.657,0
flop,middle,wet,0.89,0.489,0.186,3,0,0.428,0
river,middle,wet,0.359,0.411,0.141,1,0,0.727,0
turn,middle,dry,0.758,0.889,0.138,1,0,0.871,0
river,early,wet,1.922,0.783,0.29,2,1,0.587,0
turn,middle,wet,1.097,0.409,0.362,1,1,0.406,1
river,middle,semi_wet,0.436,0.732,0.474,2,1,0.838,0
turn,middle,semi_wet,3.0,0.545,0.458,1,0,0.38,0
turn,early,dry,0.477,0.854,0.275,1,1,0.697,1
river,late,wet,0.832,0.606,0.7,4,1,0.478,1
turn,blind,dry,0.538,0.709,0.169,2,0,0.772,0
flop,blind,dry,0.538,0.344,0.378,2,1,0.449,0
turn,early,wet,0.742,0.815,0.165,1,1,0.421,0
flop,early,wet,1.35,0.642,0.249,1,1,0.606,0
river,blind,wet,1.934,0.45,0.449,1,1,0.627,0
flop,blind,semi_wet,0.769,0.65,0.493,2,2,0.306,1
flop,late,dry,0.546,0.165,0.405,5,0,0.718,1
flop,middle,semi_wet,1.238,0.69,0.233,0,1,0.755,0
river,late,dry,1.258,0.812,0.19,0,0,0.449,1
flop,late,wet,1.086,0.632,0.352,1,4,0.482,0
turn,blind,semi_wet,1.107,0.665,0.447,0,2,0.549,0
river,late,semi_wet,0.894,0.651,0.253,1,0,0.603,0
flop,early,dry,1.004,0.8,0.355,0,2,0.605,0
river,late,semi_wet,0.861,0.753,0.184,2,0,0.542,0
flop,blind,wet,1.714,0.727,0.492,1,1,0.33,0
flop,middle,semi_wet,3.0,0.613,0.245,0,2,0.645,0
turn,early,dry,1.05,0.455,0.379,1,2,0.563,0
river,early,dry,0.948,0.878,0.51,1,1,0.639,1
flop,blind,dry,1.095,0.558,0.36,1,1,0.713,1
turn,middle,dry,0.662,0.459,0.422,1,3,0.539,0
flop,late,wet,1.449,0.523,0.459,2,4,0.483,0
turn,blind,semi_wet,1.212,0.491,0.49,2,0,0.9,0
turn,early,dry,0.755,0.573,0.423,1,1,0.308,0
turn,early,wet,1.562,0.311,0.287,2,1,0.756,0
turn,blind,dry,0.961,0.533,0.528,0,1,0.972,0
flop,late,dry,0.558,0.851,0.33,2,2,0.469,0
turn,early,semi_wet,1.154,0.654,0.252,0,1,0.692,0
turn,late,dry,1.084,0.536,0.319,0,0,0.276,0
turn,early,semi_wet,1.613,0.209,0.529,0,1,0.708,0
flop,blind,wet,1.503,0.68,0.448,0,1,0.911,1
turn,blind,wet,0.896,0.109,0.469,1,0,0.757,0
turn,blind,dry,0.734,0.756,0.423,1,1,0.527,1
flop,middle,semi_wet,0.952,0.287,0.429,1,2,0.437,0
flop,middle,dry,1.162,0.225,0.374,0,1,0.701,0
turn,blind,semi_wet,1.241,0.759,0.377,0,0,0.614,0
river,late,dry,1.123,0.582,0.227,2,0,0.952,0
flop,late,semi_wet,0.905,0.822,0.668,1,1,0.578,0
river,early,dry,1.646,0.763,0.211,1,2,0.716,1
turn,late,wet,0.656,0.267,0.243,0,1,0.624,0
river,late,wet,3.0,0.623,0.506,3,1,0.758,0
turn,middle,dry,1.447,0.388,0.41,0,2,0.534,1
turn,blind,wet,0.512,0.596,0.239,1,2,0.404,0
turn,early,dry,1.053,0.545,0.299,0,3,0.436,1
river,late,semi_wet,1.455,0.593,0.392,0,2,0.63,1
turn,blind,dry,0.785,0.956,0.589,2,2,0.402,1
turn,late,dry,0.418,0.614,0.425,0,0,0.714,0
turn,early,semi_wet,0.537,0.184,0.542,2,0,0.77,1
river,late,semi_wet,1.282,0.296,0.35,2,0,0.683,1
flop,late,semi_wet,0.362,0.442,0.155,2,0,0.546,0
turn,late,semi_wet,0.429,0.588,0.223,0,1,0.349,0
turn,middle,dry,1.278,0.361,0.235,1,2,0.793,0
river,late,dry,0.842,0.529,0.3,3,0,0.226,1
turn,middle,semi_wet,0.649,0.796,0.197,1,1,0.894,0
turn,late,semi_wet,0.725,0.501,0.153,1,0,0.623,0
river,late,dry,0.424,0.672,0.304,2,4,0.49,1
turn,late,dry,1.242,0.372,0.473,3,1,0.336,0
flop,blind,semi_wet,0.61,0.372,0.027,2,0,0.886,0
flop,blind,semi_wet,0.708,0.342,0.811,1,0,0.748,0
flop,blind,wet,1.151,0.831,0.295,0,1,0.676,0
flop,blind,semi_wet,0.826,0.617,0.211,1,1,0.576,0
turn,blind,semi_wet,0.646,0.851,0.005,2,0,0.568,0
river,early,semi_wet,0.318,0.661,0.456,0,2,0.739,1
river,middle,dry,1.164,0.267,0.225,1,2,0.568,0
flop,late,dry,0.993,0.619,0.223,2,0,0.659,0
turn,middle,dry,0.716,0.287,0.288,3,0,0.751,0
flop,late,wet,0.538,0.739,0.296,3,0,0.304,1
river,early,dry,0.958,0.564,0.336,1,0,0.114,1
flop,early,semi_wet,1.239,0.703,0.145,1,1,0.664,0
turn,late,semi_wet,1.004,0.641,0.679,1,2,0.45,1
flop,blind,dry,2.342,0.779,0.148,2,0,0.528,1
turn,middle,wet,1.402,0.471,0.272,3,1,0.986,0
turn,middle,semi_wet,0.897,0.272,0.304,2,1,0.92,0
river,late,dry,1.428,0.715,0.198,2,2,0.22,1
flop,middle,wet,0.977,0.782,0.133,0,0,0.818,0
river,early,semi_wet,0.975,0.486,0.197,1,1,0.735,1
turn,late,dry,1.941,0.676,0.33,1,1,0.495,0
river,blind,semi_wet,0.58,0.874,0.112,0,1,0.563,0
river,late,semi_wet,0.964,0.34,0.099,0,1,0.699,0
river,blind,dry,1.83,0.725,0.357,0,1,0.465,0
flop,late,wet,1.127,0.872,0.563,0,1,0.447,0
flop,blind,semi_wet,0.776,0.58,0.095,1,3,0.684,0
flop,early,semi_wet,0.372,0.758,0.442,0,1,0.465,1
flop,early,dry,0.273,0.386,0.382,0,2,0.559,1
turn,early,dry,2.98,0.948,0.271,1,2,0.782,0
river,blind,semi_wet,1.127,0.086,0.449,2,0,0.204,0
river,late,semi_wet,0.69,0.621,0.42,3,2,0.268,1
turn,early,semi_wet,1.153,0.542,0.186,2,0,0.562,0
turn,blind,wet,0.565,0.346,0.213,4,0,0.22,0
river,middle,dry,0.793,0.691,0.4,1,0,0.606,0
river,late,semi_wet,0.567,0.551,0.274,3,1,0.509,0
flop,early,wet,0.437,0.517,0.3,0,1,0.583,1
turn,early,wet,0.299,0.783,0.573,1,1,0.665,0
river,middle,wet,0.395,0.449,0.478,0,2,0.752,0
flop,early,wet,1.668,0.75,0.067,1,1,0.813,0
turn,late,dry,0.553,0.745,0.08,2,2,0.264,0
river,early,semi_wet,1.277,0.517,0.4,1,3,0.287,0
river,early,wet,1.61,0.335,0.356,0,1,0.49,1
river,late,semi_wet,0.96,0.867,0.821,0,1,0.276,1
river,middle,dry,0.807,0.529,0.21,1,0,0.448,0
flop,late,wet,1.023,0.829,0.194,2,2,0.492,0
flop,late,dry,0.756,0.801,0.498,0,4,0.741,1
turn,blind,dry,1.844,0.464,0.542,2,0,0.775,0
turn,blind,dry,2.67,0.573,0.231,1,2,0.542,0
turn,early,semi_wet,2.111,0.799,0.27,0,2,0.687,0
turn,late,semi_wet,0.291,0.71,0.298,1,1,0.556,0
turn,late,semi_wet,0.748,0.446,0.291,0,1,0.511,0
river,late,wet,0.953,0.586,0.181,2,1,0.639,0
flop,blind,semi_wet,1.227,0.82,0.124,0,1,0.228,0
flop,early,semi_wet,0.368,0.703,0.521,1,1,0.648,0
flop,middle,wet,0.365,0.635,0.215,1,1,0.601,1
flop,blind,wet,1.952,0.393,0.498,0,1,0.844,0
river,blind,dry,0.699,0.82,0.147,1,0,0.803,1
turn,early,dry,0.42,0.882,0.209,2,4,0.478,1
flop,middle,semi_wet,0.518,0.955,0.388,2,1,0.841,0
river,middle,wet,1.179,0.77,0.29,2,0,0.906,0
turn,early,semi_wet,0.605,0.551,0.23,1,1,0.668,0
flop,early,dry,1.086,0.466,0.551,0,1,0.371,0
flop,late,semi_wet,0.555,0.157,0.129,2,0,0.443,0
flop,late,semi_wet,0.364,0.464,0.282,2,1,0.45,0
turn,late,semi_wet,2.082,0.861,0.347,1,0,0.215,1
flop,middle,wet,1.184,0.497,0.411,0,0,0.427,1
flop,blind,wet,0.792,0.724,0.485,1,2,0.855,0
flop,late,semi_wet,0.714,0.553,0.238,1,3,0.932,0
turn,blind,semi_wet,2.129,0.795,0.287,0,2,0.418,1
flop,middle,semi_wet,1.317,0.4,0.264,0,2,0.734,0
river,early,semi_wet,1.787,0.741,0.51,2,2,0.51,0
flop,middle,semi_wet,0.69,0.803,0.203,0,1,0.459,0
turn,late,semi_wet,0.978,0.43,0.491,0,0,0.381,0
turn,middle,semi_wet,1.187,0.427,0.149,2,1,0.782,0
turn,blind,semi_wet,0.703,0.728,0.135,1,0,0.653,0
flop,early,dry,0.903,0.873,0.182,0,0,0.602,0
river,late,semi_wet,0.69,0.506,0.43,1,0,0.582,1
river,middle,semi_wet,1.185,0.795,0.236,2,1,0.749,0
flop,early,dry,0.46,0.652,0.145,0,0,0.681,0
flop,late,dry,1.303,0.434,0.214,1,0,0.338,1
river,blind,dry,1.129,0.974,0.217,0,1,0.083,0
turn,late,wet,0.851,0.614,0.357,1,1,0.57,0
flop,early,wet,1.218,0.92,0.322,1,4,0.712,0
flop,early,semi_wet,0.778,0.921,0.447,1,1,0.448,0
turn,middle,semi_wet,0.658,0.825,0.444,3,2,0.611,0
river,late,semi_wet,1.283,0.841,0.217,1,4,0.411,0
turn,middle,semi_wet,1.314,0.334,0.03,0,1,0.332,0
river,middle,wet,0.72,0.486,0.252,1,1,0.514,1
turn,blind,dry,0.686,0.232,0.396,0,0,0.659,0
flop,early,dry,0.86,0.516,0.274,0,2,0.2,0
turn,early,semi_wet,0.702,0.574,0.19,0,1,0.568,1
turn,early,dry,2.201,0.83,0.311,1,0,0.839,0
flop,blind,semi_wet,1.132,0.735,0.442,4,0,0.819,1
flop,middle,wet,0.959,0.878,0.464,0,0,0.434,0
turn,early,dry,0.569,0.477,0.448,0,1,0.632,0
river,middle,semi_wet,1.428,0.541,0.316,1,0,0.366,1
flop,blind,semi_wet,0.68,0.384,0.222,1,2,0.847,0
turn,late,wet,0.664,0.395,0.436,1,0,0.632,0
turn,early,semi_wet,1.455,0.642,0.35,4,1,0.879,0
turn,early,dry,1.177,0.79,0.537,0,2,0.458,0
river,early,semi_wet,0.24,0.65,0.52,0,0,0.627,1
river,blind,semi_wet,0.872,0.522,0.276,0,1,0.372,0
river,early,wet,1.019,0.625,0.444,1,2,0.76,1
flop,middle,semi_wet,0.789,0.665,0.101,0,2,0.311,0
turn,middle,dry,1.039,0.512,0.147,0,0,0.576,0
turn,late,wet,0.352,0.39,0.446,0,3,0.939,0
flop,late,semi_wet,0.2,0.159,0.483,1,2,0.928,0
flop,blind,dry,0.556,0.433,0.164,0,2,0.827,0
flop,middle,semi_wet,1.111,0.818,0.014,2,0,0.518,0
turn,middle,wet,0.161,0.45,0.779,2,2,0.43,0
turn,middle,semi_wet,0.598,0.552,0.181,1,3,0.791,0
flop,early,dry,0.33,0.433,0.261,1,1,0.893,0
river,late,semi_wet,0.832,0.499,0.332,0,1,0.424,0
river,late,dry,2.792,0.706,0.342,2,2,0.466,0
flop,middle,semi_wet,0.844,0.308,0.444,1,2,0.787,0
river,blind,semi_wet,0.897,0.514,0.575,1,4,0.616,1
flop,early,dry,1.509,0.438,0.499,0,0,0.5,1
river,blind,dry,0.962,0.615,0.105,1,0,0.28,1
river,late,wet,0.845,0.578,0.039,0,0,0.355,1
flop,early,dry,1.584,0.74,0.116,1,2,0.756,0
river,late,wet,1.233,0.766,0.343,4,1,0.421,0
river,blind,semi_wet,1.115,0.922,0.359,2,0,0.759,0
river,middle,semi_wet,0.881,0.526,0.143,2,0,0.438,1
river,middle,dry,0.786,0.708,0.308,0,1,0.473,1
turn,blind,dry,1.575,0.432,0.365,0,1,0.352,1
flop,early,dry,0.791,0.541,0.162,0,1,0.814,0
river,early,semi_wet,1.872,0.404,0.558,1,1,0.513,1
turn,late,wet,0.535,0.752,0.45,1,1,0.609,0
turn,blind,wet,2.093,0.892,0.122,0,1,0.913,0
turn,late,dry,1.233,0.688,0.211,5,1,0.893,0
turn,early,dry,0.558,0.674,0.558,3,4,0.565,1
flop,late,dry,1.259,0.171,0.263,1,0,0.659,0
river,middle,wet,0.665,0.794,0.568,1,1,0.57,0
flop,blind,dry,0.969,0.39,0.598,0,0,0.294,0
river,late,dry,0.728,0.921,0.325,3,2,0.291,0
river,middle,semi_wet,0.884,0.486,0.306,2,0,0.627,0
turn,late,semi_wet,1.596,0.644,0.071,1,1,0.656,1
turn,late,dry,1.265,0.738,0.233,1,0,0.658,0
flop,late,semi_wet,0.512,0.797,0.153,1,2,0.404,0
river,middle,dry,0.529,0.86,0.268,1,0,0.414,0
river,late,dry,1.104,0.512,0.413,0,1,0.668,0
turn,early,dry,1.149,0.628,0.197,0,0,0.589,0
flop,middle,dry,0.656,0.535,0.126,0,1,0.6,0
flop,middle,wet,2.282,0.331,0.331,1,2,0.463,0
turn,late,semi_wet,1.488,0.835,0.295,2,0,0.625,1
river,blind,wet,0.674,0.947,0.261,2,0,0.676,0
river,blind,dry,0.639,0.851,0.545,4,1,0.861,0
flop,middle,semi_wet,0.839,0.751,0.201,0,1,0.676,1
river,late,wet,0.793,0.293,0.395,1,1,0.682,1
turn,early,dry,1.898,0.328,0.33,2,1,0.481,0
river,middle,wet,1.635,0.686,0.355,0,3,0.924,1
flop,late,semi_wet,0.97,0.854,0.622,0,1,0.367,0
turn,late,semi_wet,1.381,0.565,0.404,3,0,0.51,0
river,blind,dry,1.496,0.898,0.25,0,2,0.871,1
flop,middle,semi_wet,0.982,0.315,0.284,2,2,0.77,0
turn,blind,semi_wet,1.187,0.446,0.306,0,0,0.808,0
river,blind,wet,1.319,0.737,0.163,1,2,0.797,0
flop,late,wet,1.244,0.472,0.455,1,0,0.68,1
flop,early,dry,0.62,0.312,0.42,1,2,0.923,0
turn,middle,wet,0.655,0.862,0.247,0,0,0.616,1
flop,blind,wet,0.812,0.158,0.201,1,0,0.66,0
flop,late,semi_wet,0.645,0.746,0.335,1,0,0.622,0
turn,blind,dry,0.423,0.657,0.219,0,0,0.313,0
river,blind,dry,1.38,0.785,0.393,2,0,0.528,0
flop,early,dry,1.151,0.932,0.152,0,0,0.958,1
flop,blind,dry,0.455,0.722,0.459,3,1,0.676,0
river,middle,wet,0.833,0.91,0.237,3,2,0.404,0
turn,blind,dry,0.86,0.501,0.569,2,1,0.813,0
river,late,semi_wet,1.051,0.61,0.237,1,1,0.617,0
turn,middle,semi_wet,0.525,0.784,0.326,0,1,0.746,1
river,early,semi_wet,0.452,0.502,0.13,0,0,0.359,0
turn,early,dry,1.266,0.737,0.259,0,2,0.863,1
flop,late,semi_wet,0.409,0.566,0.327,1,2,0.498,0
river,late,semi_wet,0.837,0.589,0.368,3,0,0.468,0
turn,late,semi_wet,0.795,0.709,0.542,1,2,0.756,1
flop,early,dry,0.889,0.916,0.102,0,0,0.514,1
flop,late,semi_wet,1.093,0.456,0.526,2,0,0.629,1
turn,early,dry,2.292,0.771,0.382,0,2,0.714,0
flop,early,semi_wet,0.395,0.486,0.103,0,0,0.722,0
flop,middle,semi_wet,1.541,0.447,0.618,1,3,0.126,0
flop,late,dry,0.239,0.42,0.342,0,2,0.748,0
turn,late,wet,2.047,0.614,0.276,1,1,0.74,0
turn,blind,dry,0.309,0.738,0.558,3,1,0.521,1
turn,blind,wet,3.0,0.918,0.062,1,1,0.386,1
flop,middle,wet,0.768,0.26,0.469,1,2,0.354,0
flop,blind,dry,1.934,0.366,0.101,2,3,0.323,1
turn,early,dry,1.727,0.495,0.334,0,1,0.685,1
turn,blind,dry,0.748,0.618,0.356,0,2,0.33,1
turn,middle,wet,0.78,0.593,0.218,1,2,0.474,0
flop,blind,semi_wet,0.6,0.653,0.132,1,2,0.841,0
flop,blind,dry,1.467,0.674,0.212,3,2,0.755,1
flop,late,semi_wet,0.754,0.66,0.389,2,0,0.691,0
turn,blind,dry,0.606,0.44,0.486,0,2,0.746,0
turn,early,semi_wet,1.278,0.211,0.142,3,3,0.455,1
river,early,semi_wet,0.581,0.514,0.144,2,2,0.801,0
turn,late,dry,0.794,0.713,0.306,1,2,0.563,1
turn,late,wet,1.009,0.771,0.165,2,1,0.867,0
turn,early,dry,0.668,0.592,0.144,3,1,0.735,0
flop,late,semi_wet,0.726,0.396,0.088,2,0,0.856,0
turn,early,semi_wet,2.213,0.729,0.436,0,1,0.731,0
flop,blind,wet,0.85,0.192,0.552,2,2,0.709,0
turn,early,semi_wet,0.781,0.807,0.246,3,4,0.869,0
flop,middle,wet,0.864,0.855,0.545,2,0,0.817,0
river,blind,dry,1.221,0.718,0.226,1,1,0.793,0
river,late,wet,0.539,0.22,0.433,0,0,0.578,1
flop,late,dry,1.203,0.785,0.327,1,1,0.679,0
turn,late,semi_wet,1.095,0.806,0.25,1,3,0.115,1
river,blind,dry,0.356,0.668,0.174,0,1,0.605,0
flop,middle,wet,2.552,0.663,0.268,2,0,0.654,1
river,blind,wet,2.124,0.273,0.129,1,1,0.968,0
turn,late,semi_wet,0.612,0.918,0.091,1,2,0.805,0
river,blind,semi_wet,0.513,0.627,0.256,0,2,0.24,0
river,late,semi_wet,1.078,0.504,0.401,1,1,0.706,1
flop,early,dry,0.434,0.519,0.339,2,1,0.687,0
turn,late,semi_wet,2.014,0.464,0.237,2,2,0.682,0
turn,blind,semi_wet,0.735,0.688,0.416,1,1,0.536,1
flop,early,semi_wet,2.321,0.441,0.559,1,1,0.346,0
flop,blind,dry,0.604,0.571,0.343,0,3,0.383,0
river,early,wet,0.894,0.623,0.234,0,3,0.601,0
flop,blind,dry,1.91,0.572,0.395,1,2,0.493,0
turn,blind,semi_wet,0.796,0.67,0.158,1,0,0.906,0
river,early,dry,1.105,0.895,0.585,1,0,0.67,0
flop,late,dry,1.735,0.776,0.156,0,1,0.754,0
turn,early,dry,0.701,0.951,0.143,1,2,0.4,0
river,late,dry,0.475,0.243,0.298,0,3,0.541,0
turn,blind,semi_wet,0.426,0.443,0.302,1,2,0.258,1
flop,early,semi_wet,1.311,0.657,0.31,2,1,0.379,1
flop,early,semi_wet,1.178,0.712,0.333,0,1,0.585,0
river,middle,semi_wet,1.706,0.872,0.421,2,1,0.178,1
flop,middle,dry,0.818,0.44,0.216,0,1,0.75,0
turn,early,dry,0.433,0.464,0.231,0,1,0.686,0
flop,middle,semi_wet,0.261,0.762,0.171,1,0,0.48,0
turn,middle,semi_wet,3.0,0.513,0.155,1,0,0.438,0
river,early,semi_wet,1.271,0.828,0.363,1,0,0.87,0
turn,middle,dry,1.026,0.946,0.523,0,2,0.583,1
river,early,wet,1.109,0.425,0.594,2,1,0.57,1
flop,blind,dry,0.433,0.507,0.549,1,2,0.532,0
turn,blind,semi_wet,0.614,0.224,0.114,1,2,0.634,0
river,middle,dry,2.481,0.422,0.281,0,4,0.43,1
turn,blind,semi_wet,1.366,0.277,0.172,1,1,0.858,0
flop,middle,semi_wet,0.625,0.653,0.153,1,0,0.973,0
river,blind,semi_wet,0.484,0.645,0.254,2,2,0.466,0
turn,early,dry,0.716,0.245,0.182,0,1,0.865,0
turn,middle,semi_wet,0.8,0.819,0.434,1,1,0.745,0
river,late,dry,2.936,0.703,0.287,0,1,0.675,1
flop,early,semi_wet,0.858,0.925,0.275,0,0,0.649,1
flop,blind,dry,0.494,0.563,0.798,1,0,0.525,0
flop,middle,dry,0.921,0.703,0.379,2,0,0.62,0
turn,middle,semi_wet,1.1,0.541,0.501,0,1,0.254,0
flop,middle,dry,0.47,0.58,0.353,0,0,0.235,1
turn,blind,dry,1.187,0.675,0.324,2,0,0.73,0
flop,early,wet,1.849,0.909,0.373,0,1,0.033,1
turn,blind,wet,1.027,0.828,0.151,1,0,0.649,1
flop,blind,wet,0.614,0.717,0.222,0,0,0.696,0
turn,blind,dry,0.711,0.368,0.495,3,2,0.802,1
flop,blind,semi_wet,0.382,0.58,0.676,2,3,0.504,0
river,blind,wet,0.884,0.835,0.065,1,0,0.611,0
turn,late,dry,1.129,0.843,0.323,0,1,0.451,0
turn,middle,semi_wet,0.581,0.541,0.235,1,0,0.88,0
river,middle,dry,2.764,0.616,0.085,1,2,0.327,0
turn,blind,wet,1.471,0.563,0.215,1,3,0.678,0
flop,middle,semi_wet,0.355,0.343,0.047,0,1,0.589,0
river,late,semi_wet,0.359,0.809,0.516,1,1,0.832,0
flop,early,semi_wet,0.554,0.588,0.171,3,2,0.66,0
flop,middle,dry,2.26,0.68,0.148,1,0,0.485,1
turn,middle,dry,1.553,0.755,0.307,1,1,0.95,1
flop,middle,semi_wet,2.323,0.404,0.168,1,1,0.69,0
flop,late,semi_wet,0.957,0.691,0.246,1,1,0.686,0
river,late,semi_wet,0.848,0.942,0.299,1,1,0.689,0
flop,middle,dry,0.479,0.309,0.095,2,1,0.073,1
river,early,semi_wet,1.153,0.642,0.371,0,1,0.55,0
river,late,dry,0.854,0.776,0.175,1,2,0.705,0
turn,early,dry,0.836,0.442,0.379,1,0,0.392,0
river,blind,wet,2.316,0.159,0.221,1,0,0.642,0
river,blind,semi_wet,0.887,0.607,0.092,2,0,0.265,0
river,early,semi_wet,1.978,0.914,0.067,0,0,0.673,0
flop,middle,wet,0.397,0.579,0.322,0,3,0.308,0
flop,early,dry,3.0,0.581,0.601,1,0,0.75,0
turn,middle,wet,0.775,0.351,0.165,0,2,0.463,1
turn,early,semi_wet,1.403,0.712,0.126,1,1,0.289,0
flop,blind,semi_wet,1.532,0.396,0.431,0,0,0.547,0
turn,early,dry,0.724,0.399,0.553,1,2,0.505,1
flop,late,dry,1.493,0.315,0.341,2,0,0.772,0
river,late,semi_wet,1.536,0.829,0.141,1,3,0.6,0
flop,early,dry,0.643,0.309,0.115,2,2,0.641,0
flop,blind,dry,0.647,0.136,0.62,0,0,0.91,0
flop,early,semi_wet,0.975,0.525,0.597,2,1,0.74,0
flop,blind,semi_wet,0.893,0.697,0.43,1,1,0.257,1
flop,late,dry,2.047,0.816,0.032,0,1,0.649,0
flop,late,semi_wet,1.4,0.335,0.486,1,0,0.357,1
flop,blind,wet,0.915,0.747,0.444,0,0,0.364,0
flop,middle,semi_wet,1.328,0.584,0.134,0,1,0.586,0
turn,middle,wet,0.309,0.828,0.253,1,0,0.907,1
turn,early,semi_wet,0.678,0.74,0.4,0,3,0.83,0
flop,blind,dry,1.114,0.245,0.39,1,1,0.707,0
flop,middle,dry,1.757,0.933,0.315,1,1,0.459,0
flop,blind,wet,1.062,0.42,0.465,1,0,0.312,0
flop,middle,semi_wet,2.121,0.844,0.052,1,1,0.78,0
flop,blind,wet,1.533,0.591,0.736,2,1,0.826,0
river,blind,wet,0.727,0.703,0.338,1,2,0.468,1
river,middle,dry,0.881,0.462,0.204,0,2,0.724,1
river,middle,dry,1.191,0.883,0.378,1,3,0.451,1
turn,blind,semi_wet,0.743,0.689,0.542,1,1,0.235,0
turn,early,dry,2.208,0.41,0.268,1,1,0.329,1
flop,early,semi_wet,0.517,0.643,0.343,1,2,0.316,1
river,middle,wet,1.132,0.729,0.12,0,0,0.633,0
river,late,semi_wet,1.425,0.718,0.522,1,0,0.953,0
river,early,dry,0.801,0.312,0.48,2,0,0.695,1
river,middle,semi_wet,0.707,0.345,0.576,1,2,0.828,1
turn,blind,dry,0.912,0.515,0.523,2,2,0.597,1
river,early,wet,1.487,0.536,0.268,1,0,0.949,0
river,early,dry,0.723,0.229,0.593,0,0,0.47,1
flop,middle,wet,0.528,0.794,0.421,0,0,0.407,0
river,early,semi_wet,1.791,0.593,0.694,1,0,0.648,0
flop,early,semi_wet,1.185,0.427,0.345,0,1,0.52,0
river,early,semi_wet,1.656,0.613,0.279,0,2,0.394,1
river,early,dry,1.444,0.646,0.565,1,1,0.268,0
flop,blind,semi_wet,3.0,0.248,0.497,3,1,0.612,0
turn,early,wet,1.756,0.554,0.093,1,3,0.441,0
flop,late,wet,0.639,0.685,0.44,2,1,0.701,0
river,late,dry,1.232,0.616,0.276,1,2,0.844,1
river,late,semi_wet,0.7,0.449,0.42,3,1,0.83,0
turn,late,wet,0.741,0.651,0.449,0,1,0.566,0
river,middle,wet,0.437,0.436,0.136,1,1,0.228,1
flop,blind,semi_wet,0.813,0.566,0.628,2,1,0.118,1
flop,early,dry,1.284,0.732,0.365,2,1,0.628,0
turn,early,wet,0.917,0.56,0.352,0,2,0.74,0
flop,blind,dry,0.52,0.729,0.171,2,0,0.609,0
turn,early,dry,0.412,0.239,0.295,0,0,0.975,0
flop,early,wet,3.0,0.698,0.587,1,1,0.479,0
turn,early,dry,1.138,0.592,0.315,0,2,0.55,0
turn,early,wet,0.605,0.682,0.672,4,0,0.89,1
river,early,dry,1.226,0.793,0.29,1,3,0.53,1
flop,late,semi_wet,3.0,0.251,0.115,3,0,0.606,0
river,late,wet,1.338,0.728,0.398,2,2,0.65,1
turn,early,wet,0.205,0.827,0.349,1,3,0.143,0
flop,blind,wet,3.0,0.574,0.137,2,0,0.778,0
turn,early,wet,0.344,0.781,0.082,0,0,0.476,1
turn,late,dry,0.849,0.563,0.112,2,4,0.493,1
flop,blind,wet,0.51,0.328,0.315,0,1,0.426,0
turn,late,wet,0.633,0.8,0.296,0,0,0.513,0
flop,middle,semi_wet,1.112,0.48,0.36,1,3,0.28,0
turn,early,semi_wet,0.305,0.716,0.125,0,0,0.467,0
turn,early,dry,0.905,0.863,0.388,1,3,0.588,0
turn,blind,semi_wet,1.788,0.751,0.077,3,0,0.415,0
river,middle,semi_wet,0.598,0.737,0.21,0,0,0.682,0
flop,early,semi_wet,0.443,0.642,0.377,1,0,0.286,0
river,late,semi_wet,0.881,0.526,0.453,1,1,0.562,0
river,late,semi_wet,0.79,0.774,0.09,2,1,0.355,1
river,early,dry,0.686,0.272,0.299,2,1,0.619,1
river,early,wet,0.495,0.399,0.213,1,1,0.389,1
flop,early,dry,1.266,0.611,0.185,0,1,0.601,0
turn,early,dry,1.32,0.642,0.164,2,0,0.54,0
flop,late,dry,0.529,0.782,0.389,3,1,0.38,0
river,early,wet,0.571,0.542,0.267,2,0,0.735,0
turn,late,wet,1.025,0.721,0.344,1,4,0.632,0
flop,early,dry,0.559,0.667,0.379,0,2,0.767,0
river,blind,dry,1.049,0.693,0.434,4,0,0.221,1
flop,late,semi_wet,2.133,0.893,0.278,2,0,0.281,0
turn,middle,dry,0.92,0.149,0.345,2,0,0.847,0
river,middle,semi_wet,0.488,0.269,0.387,0,0,0.566,0
flop,early,dry,1.18,0.856,0.374,1,0,0.727,0
turn,early,semi_wet,0.863,0.368,0.419,2,1,0.954,0
river,late,dry,0.876,0.213,0.265,0,0,0.304,1
flop,early,semi_wet,1.235,0.305,0.322,1,1,0.692,0
turn,late,semi_wet,1.391,0.773,0.026,0,3,0.77,0
flop,middle,dry,0.97,0.472,0.166,1,1,0.298,1
turn,early,dry,0.92,0.522,0.153,1,1,0.3,0
flop,late,dry,2.959,0.655,0.393,2,0,0.326,1
river,late,dry,1.841,0.54,0.35,1,2,0.348,1
river,late,wet,1.504,0.573,0.534,1,0,0.531,1
flop,early,dry,1.022,0.736,0.383,4,1,0.59,0
flop,late,dry,0.547,0.886,0.338,0,1,0.256,1
turn,blind,dry,1.768,0.829,0.312,0,4,0.584,0
river,middle,wet,1.03,0.725,0.281,1,2,0.12,1
turn,blind,wet,0.693,0.865,0.17,3,1,0.653,0
flop,late,wet,0.832,0.705,0.1,0,0,0.779,0
flop,middle,semi_wet,0.559,0.692,0.309,0,0,0.825,0
river,blind,wet,1.702,0.351,0.551,0,0,0.692,0
turn,blind,semi_wet,1.385,0.322,0.418,1,2,0.741,0
river,early,wet,1.051,0.816,0.373,2,0,0.878,0
turn,blind,wet,0.929,0.234,0.623,1,0,0.163,0
river,early,dry,0.654,0.537,0.349,2,1,0.558,1
flop,early,semi_wet,0.295,0.548,0.257,1,0,0.457,0
flop,early,dry,0.437,0.64,0.483,0,0,0.197,0
river,middle,dry,0.632,0.479,0.245,3,2,0.722,1
river,blind,wet,0.582,0.705,0.165,1,0,0.557,0
flop,late,dry,1.115,0.895,0.277,1,0,0.456,0
turn,late,semi_wet,1.486,0.933,0.17,4,0,0.969,0
turn,early,wet,0.886,0.565,0.431,0,0,0.805,0
turn,late,semi_wet,2.065,0.485,0.101,3,2,0.573,0
flop,middle,dry,0.618,0.421,0.426,0,0,0.94,0
river,middle,semi_wet,0.883,0.519,0.443,1,1,0.438,0
flop,middle,wet,0.925,0.549,0.385,1,0,0.773,1
river,early,dry,1.734,0.504,0.503,2,0,0.362,0
flop,blind,dry,1.008,0.744,0.393,2,1,0.819,0
flop,late,semi_wet,1.024,0.601,0.122,1,2,0.803,1
turn,middle,wet,0.383,0.386,0.55,0,1,0.853,0
flop,early,dry,0.58,0.817,0.258,1,0,0.537,0
turn,blind,dry,1.738,0.308,0.563,2,1,0.636,1
flop,middle,wet,0.304,0.697,0.353,0,1,0.562,0
river,middle,dry,1.991,0.748,0.643,2,0,0.367,0
river,late,dry,1.252,0.743,0.38,1,0,0.17,1
river,early,semi_wet,0.631,0.544,0.271,0,1,0.391,0
flop,late,dry,0.602,0.598,0.142,1,2,0.541,0
flop,blind,dry,2.699,0.294,0.119,0,0,0.69,0
turn,middle,semi_wet,2.067,0.596,0.6,1,2,0.315,0
turn,early,semi_wet,0.891,0.824,0.399,1,3,0.473,1
flop,early,semi_wet,1.024,0.665,0.247,2,2,0.432,0
flop,early,dry,0.667,0.586,0.207,0,2,0.64,0
turn,late,semi_wet,1.024,0.235,0.661,1,1,0.887,0
flop,middle,semi_wet,0.657,0.714,0.42,0,0,0.799,0
turn,early,wet,0.911,0.548,0.477,0,1,0.474,0
flop,late,wet,2.575,0.733,0.124,0,1,0.268,1
flop,early,semi_wet,0.902,0.756,0.143,3,1,0.842,0
turn,middle,wet,0.535,0.704,0.072,1,1,0.643,0
turn,blind,wet,0.449,0.94,0.501,1,2,0.501,0
flop,early,dry,1.02,0.834,0.528,1,2,0.383,1
turn,early,wet,0.626,0.713,0.403,1,0,0.601,0
river,middle,wet,1.089,0.883,0.225,1,0,0.53,0
turn,late,dry,0.39,0.585,0.512,2,1,0.576,0
turn,early,dry,1.39,0.613,0.153,0,0,0.752,1
river,blind,semi_wet,0.531,0.719,0.254,2,3,0.819,1
turn,early,semi_wet,0.976,0.587,0.481,0,0,0.27,0
river,blind,semi_wet,0.79,0.867,0.482,1,2,0.798,0
river,late,semi_wet,2.448,0.533,0.227,0,0,0.875,0
flop,early,dry,1.045,0.669,0.108,2,0,0.715,0
turn,early,dry,2.773,0.759,0.365,0,1,0.465,1
turn,early,wet,1.295,0.814,0.322,0,0,0.221,1
river,middle,dry,2.083,0.708,0.25,0,1,0.541,0
turn,middle,semi_wet,0.848,0.795,0.139,1,1,0.481,1
flop,late,dry,1.15,0.526,0.248,0,1,0.59,0
turn,middle,semi_wet,1.859,0.356,0.277,2,0,0.895,1
flop,late,semi_wet,1.565,0.743,0.325,2,1,0.766,0
river,middle,dry,1.274,0.546,0.584,1,1,0.823,0
turn,middle,semi_wet,0.794,0.826,0.383,1,2,0.481,0
river,middle,semi_wet,0.872,0.579,0.068,1,1,0.996,0
river,middle,dry,1.778,0.324,0.418,0,1,0.509,0
turn,blind,dry,1.994,0.552,0.355,0,0,0.624,1
turn,early,semi_wet,0.687,0.496,0.094,2,0,0.634,0
river,middle,semi_wet,0.632,0.71,0.309,2,0,0.642,1
river,blind,semi_wet,0.579,0.163,0.162,1,2,0.293,1
river,late,wet,1.501,0.769,0.381,1,0,0.77,0
flop,early,dry,0.571,0.669,0.442,2,0,0.575,0
turn,blind,dry,1.491,0.744,0.145,1,1,0.54,0
flop,early,semi_wet,1.284,0.085,0.584,0,1,0.421,1
river,early,semi_wet,0.705,0.745,0.299,2,1,0.527,1
turn,middle,wet,2.248,0.589,0.274,0,0,0.61,0
turn,late,dry,0.426,0.52,0.123,1,1,0.432,0
flop,early,semi_wet,2.37,0.668,0.19,2,1,0.673,0
flop,blind,semi_wet,1.134,0.559,0.205,0,1,0.945,0
river,early,dry,0.304,0.636,0.01,2,0,0.791,0
flop,blind,semi_wet,2.283,0.798,0.415,2,0,0.91,0
flop,early,semi_wet,1.624,0.443,0.098,3,2,0.579,0
river,middle,dry,0.752,0.672,0.162,2,0,0.767,1
river,late,dry,0.56,0.941,0.527,2,1,0.865,0
flop,middle,dry,0.401,0.695,0.465,0,1,0.598,0
flop,late,wet,3.0,0.589,0.04,0,1,0.715,0
river,late,dry,0.572,0.843,0.449,1,3,0.829,1
river,late,dry,0.475,0.676,0.131,1,1,0.662,0
turn,middle,dry,1.102,0.772,0.405,0,0,0.94,0
flop,blind,dry,0.386,0.606,0.173,5,0,0.817,1
flop,late,dry,0.554,0.426,0.199,1,4,0.736,0
flop,middle,semi_wet,1.644,0.61,0.25,0,2,0.525,1
river,late,dry,1.228,0.838,0.295,3,0,0.185,0
flop,blind,dry,0.769,0.631,0.206,2,2,0.644,0
flop,blind,dry,0.961,0.643,0.403,2,1,0.762,0
river,late,semi_wet,0.746,0.582,0.28,0,0,0.339,0
river,blind,dry,0.919,0.677,0.517,1,1,0.719,0
river,blind,semi_wet,0.626,0.798,0.471,2,1,0.55,0
turn,middle,semi_wet,0.691,0.582,0.053,0,0,0.412,0
turn,late,semi_wet,0.68,0.435,0.476,0,1,0.953,1
turn,early,dry,0.638,0.897,0.026,0,4,0.215,0
flop,middle,wet,1.689,0.35,0.367,1,2,0.615,0
turn,blind,semi_wet,1.453,0.754,0.61,1,1,0.226,0
turn,middle,dry,0.57,0.947,0.935,0,1,0.682,0
turn,blind,semi_wet,0.493,0.439,0.251,1,0,0.614,0
river,middle,wet,0.872,0.619,0.223,0,3,0.762,1
river,early,dry,3.0,0.531,0.591,0,2,0.808,1
flop,early,dry,0.541,0.488,0.072,1,1,0.525,0
turn,late,semi_wet,0.871,0.371,0.328,2,1,0.494,0
flop,middle,dry,0.999,0.199,0.451,3,1,0.422,1
turn,late,wet,0.896,0.638,0.482,0,1,0.661,1
flop,early,dry,0.739,0.643,0.43,1,2,0.306,1
flop,middle,dry,1.796,0.619,0.342,5,2,0.076,1
river,early,dry,1.221,0.303,0.352,0,0,0.536,0
turn,middle,dry,1.515,0.568,0.325,0,1,0.502,1
river,blind,wet,1.315,0.434,0.388,1,1,0.56,0
flop,early,wet,1.555,0.657,0.41,2,1,0.76,0
flop,late,wet,2.274,0.784,0.188,2,0,0.857,0
turn,early,semi_wet,1.978,0.739,0.136,3,2,0.772,0
flop,late,semi_wet,3.0,0.403,0.455,0,1,0.753,0
flop,blind,dry,1.858,0.605,0.332,1,1,0.768,0
river,middle,dry,0.658,0.612,0.42,3,0,0.469,0
flop,early,wet,1.516,0.701,0.35,1,1,0.465,0
flop,late,semi_wet,1.406,0.347,0.305,2,0,0.519,0
turn,middle,semi_wet,2.735,0.765,0.196,1,1,0.892,0
turn,blind,semi_wet,0.559,0.727,0.2,1,0,0.723,0
turn,blind,wet,1.293,0.444,0.627,1,0,0.971,0
turn,late,dry,0.654,0.879,0.452,1,0,0.796,1
river,late,semi_wet,1.261,0.574,0.611,1,1,0.569,0
flop,late,semi_wet,0.845,0.706,0.189,1,0,0.794,1
turn,late,wet,1.238,0.852,0.193,3,3,0.811,0
turn,middle,dry,0.438,0.334,0.279,0,1,0.773,0
river,blind,dry,1.471,0.871,0.221,0,1,0.619,0
turn,middle,semi_wet,1.065,0.731,0.301,1,0,0.77,0
turn,early,wet,1.034,0.719,0.606,0,1,0.426,0
flop,late,wet,2.78,0.959,0.234,0,1,0.373,0
flop,late,semi_wet,0.771,0.902,0.277,1,1,0.879,0
flop,blind,dry,1.148,0.957,0.428,0,0,0.84,0
river,middle,dry,1.005,0.462,0.407,1,0,0.204,0
flop,middle,semi_wet,1.061,0.709,0.634,0,2,0.207,1
river,late,dry,3.0,0.88,0.427,2,1,0.835,0
flop,middle,semi_wet,0.985,0.553,0.214,1,2,0.517,0
river,blind,wet,0.696,0.585,0.294,1,1,0.613,0
river,middle,dry,2.662,0.957,0.205,1,2,0.888,0
flop,blind,dry,0.803,0.52,0.335,0,1,0.44,1
flop,middle,dry,0.393,0.695,0.319,2,0,0.675,1
flop,early,dry,0.633,0.632,0.185,1,1,0.874,0
river,blind,semi_wet,0.479,0.613,0.238,0,3,0.417,0
flop,late,dry,0.353,0.513,0.136,1,1,0.427,0
turn,late,dry,0.779,0.515,0.32,3,2,0.359,1
turn,late,dry,0.915,0.689,0.584,0,0,0.541,1
river,middle,dry,1.821,0.441,0.302,2,1,0.494,1
turn,blind,semi_wet,1.345,0.593,0.496,1,0,0.623,1
turn,middle,semi_wet,1.311,0.667,0.539,1,0,0.708,0
river,blind,semi_wet,0.582,0.612,0.287,1,1,0.816,0
flop,middle,semi_wet,1.548,0.278,0.314,0,2,0.432,1
river,early,dry,2.045,0.898,0.292,1,1,0.541,1
flop,early,semi_wet,1.182,0.557,0.107,0,3,0.484,0
turn,blind,dry,1.2,0.721,0.203,2,1,0.506,0
river,late,wet,0.474,0.701,0.4,0,2,0.444,1
turn,middle,dry,1.699,0.807,0.182,3,1,0.717,0
turn,blind,semi_wet,2.533,0.703,0.332,0,1,0.494,1
flop,late,dry,1.136,0.504,0.343,1,0,0.318,1
turn,late,wet,0.686,0.695,0.395,1,0,0.802,1
turn,late,dry,0.87,0.224,0.468,2,2,0.478,0
turn,early,wet,0.755,0.849,0.296,0,1,0.695,1
turn,early,dry,0.78,0.847,0.404,0,2,0.573,0
flop,late,wet,1.359,0.661,0.149,0,1,0.624,1
flop,early,semi_wet,1.109,0.882,0.132,0,0,0.548,0
flop,late,dry,1.652,0.679,0.235,0,1,0.517,0
turn,early,dry,1.166,0.977,0.401,0,2,0.738,0
flop,middle,dry,0.591,0.721,0.362,0,1,0.519,1
river,late,wet,0.722,0.943,0.227,3,2,0.754,0
turn,late,wet,0.698,0.615,0.413,1,2,0.654,0
flop,blind,dry,0.859,0.415,0.368,1,2,0.629,0
turn,late,dry,2.553,0.813,0.457,1,4,0.573,0
river,early,dry,2.788,0.316,0.148,1,0,0.712,0
flop,blind,dry,1.507,0.694,0.14,0,1,0.952,0
flop,early,semi_wet,1.015,0.959,0.155,1,1,0.075,1
flop,early,dry,0.45,0.304,0.139,3,1,0.776,1
flop,blind,dry,1.074,0.783,0.242,1,0,0.907,0
river,early,wet,0.616,0.482,0.124,0,1,0.758,0
river,late,semi_wet,2.332,0.247,0.501,1,1,0.894,0
flop,middle,wet,0.393,0.845,0.268,3,1,0.747,0
river,blind,dry,1.175,0.73,0.567,0,3,0.449,1
flop,early,wet,0.588,0.406,0.204,2,1,0.456,0
turn,early,semi_wet,0.946,0.967,0.617,1,2,0.412,1
river,middle,semi_wet,1.372,0.838,0.469,0,1,0.138,1
turn,middle,dry,1.669,0.58,0.121,2,1,0.48,0
flop,blind,wet,0.92,0.567,0.439,0,2,0.958,0
turn,late,semi_wet,1.446,0.542,0.604,0,0,0.455,0
river,early,wet,0.661,0.281,0.762,1,0,0.536,1
flop,blind,semi_wet,1.089,0.448,0.137,0,0,0.458,0
flop,middle,wet,1.651,0.355,0.13,2,1,0.36,1
flop,blind,semi_wet,1.142,0.215,0.348,1,0,0.462,0
turn,blind,wet,0.711,0.381,0.429,2,0,0.829,1
turn,early,dry,0.816,0.638,0.469,3,3,0.909,0
river,late,dry,1.663,0.315,0.087,2,1,0.705,1
river,middle,semi_wet,0.522,0.198,0.115,3,2,0.448,0
river,middle,semi_wet,0.566,0.433,0.148,0,0,0.666,0
river,middle,semi_wet,1.324,0.283,0.066,3,1,0.817,0
flop,late,semi_wet,0.747,0.566,0.069,0,1,0.865,0
turn,middle,semi_wet,0.428,0.776,0.218,1,2,0.67,0
flop,early,wet,2.0,0.644,0.344,0,1,0.588,0
flop,middle,dry,0.52,0.632,0.241,1,0,0.724,0
river,early,wet,0.852,0.595,0.211,2,1,0.607,0
turn,blind,dry,0.677,0.942,0.068,2,0,0.904,1
river,late,semi_wet,0.808,0.682,0.527,1,1,0.711,1
turn,middle,wet,0.585,0.659,0.544,2,2,0.943,1
turn,middle,dry,1.409,0.496,0.163,2,0,0.88,1
turn,early,dry,1.011,0.573,0.506,1,2,0.853,0
flop,middle,dry,1.634,0.753,0.614,0,2,0.818,0
flop,blind,semi_wet,0.68,0.619,0.457,2,2,0.617,1
turn,early,semi_wet,3.0,0.569,0.305,1,1,0.527,0
flop,early,dry,0.334,0.499,0.752,1,1,0.716,0
river,blind,wet,0.398,0.511,0.442,0,1,0.989,0
flop,late,dry,2.495,0.691,0.534,1,1,0.73,0
flop,early,semi_wet,1.235,0.62,0.304,1,1,0.619,0
river,middle,semi_wet,1.148,0.785,0.396,1,2,0.346,0
flop,late,dry,1.206,0.939,0.295,0,2,0.752,1
river,middle,dry,1.302,0.663,0.236,0,1,0.838,0
river,middle,wet,1.122,0.274,0.035,1,2,0.438,0
flop,late,semi_wet,0.559,0.412,0.167,0,2,0.361,0
turn,late,dry,1.492,0.39,0.137,2,1,0.742,0
turn,blind,wet,1.368,0.646,0.186,0,1,0.443,0
river,early,semi_wet,2.087,0.649,0.46,1,1,0.771,0
river,middle,dry,2.51,0.725,0.492,0,0,0.358,1
river,early,semi_wet,1.141,0.715,0.185,3,2,0.725,1
turn,late,semi_wet,0.484,0.349,0.541,0,1,0.535,1
flop,late,dry,2.522,0.672,0.526,1,3,0.331,1
turn,middle,wet,0.543,0.786,0.185,0,2,0.698,0
river,late,dry,1.146,0.366,0.449,0,0,0.323,1
turn,middle,dry,0.826,0.249,0.435,3,1,0.626,0
turn,early,dry,0.751,0.304,0.195,0,2,0.118,0
turn,late,wet,1.448,0.448,0.405,1,3,0.502,0
river,middle,semi_wet,1.088,0.377,0.501,0,0,0.369,0
river,middle,wet,1.261,0.694,0.236,1,1,0.747,0
flop,middle,dry,0.607,0.773,0.515,2,1,0.374,1
flop,blind,wet,0.864,0.458,0.561,1,1,0.692,0
turn,early,semi_wet,0.623,0.422,0.676,1,0,0.352,1
turn,middle,dry,0.853,0.242,0.268,0,0,0.626,1
turn,late,dry,0.891,0.298,0.096,2,1,0.444,0
flop,early,wet,2.623,0.705,0.161,0,0,0.614,0
turn,early,dry,0.825,0.543,0.54,2,1,0.443,0
turn,late,semi_wet,0.296,0.747,0.366,0,1,0.308,1
turn,late,semi_wet,2.049,0.647,0.581,1,2,0.48,1
turn,late,dry,1.218,0.467,0.506,0,0,0.564,1
river,early,wet,0.885,0.435,0.707,0,1,0.08,1
turn,blind,wet,0.748,0.693,0.34,0,0,0.463,0
river,middle,semi_wet,0.565,0.687,0.598,0,2,0.941,0
turn,early,semi_wet,2.762,0.461,0.141,2,0,0.912,0
turn,middle,semi_wet,0.979,0.589,0.146,1,1,0.531,0
turn,early,semi_wet,0.366,0.953,0.475,2,3,0.817,0
flop,middle,dry,1.139,0.381,0.605,0,1,0.258,1
flop,middle,semi_wet,1.847,0.91,0.595,1,1,0.66,0
turn,middle,dry,1.037,0.799,0.282,0,2,0.425,1
river,middle,semi_wet,0.579,0.643,0.549,0,1,0.501,0
turn,blind,semi_wet,0.552,0.588,0.253,1,3,0.762,0
flop,blind,dry,0.574,0.952,0.394,0,0,0.146,1
turn,middle,wet,2.197,0.81,0.333,0,0,0.967,0
flop,blind,dry,0.914,0.637,0.169,2,1,0.537,0
river,blind,dry,0.378,0.865,0.241,1,0,0.809,0
river,blind,dry,1.175,0.63,0.161,0,0,0.394,1
turn,early,semi_wet,1.028,0.391,0.157,1,1,0.645,0
turn,middle,dry,0.743,0.427,0.105,2,2,0.74,0
flop,middle,semi_wet,0.543,0.663,0.425,0,1,0.578,0
turn,early,semi_wet,0.53,0.672,0.593,0,0,0.843,0
river,early,dry,1.729,0.938,0.562,1,0,0.445,1
river,late,wet,1.09,0.791,0.134,0,1,0.644,0
turn,middle,dry,1.238,0.885,0.444,0,2,0.796,0
turn,blind,semi_wet,1.088,0.775,0.457,3,0,0.693,1
flop,late,dry,1.139,0.728,0.392,1,0,0.344,0
flop,early,semi_wet,0.735,0.191,0.413,0,0,0.748,0
flop,blind,wet,0.849,0.619,0.33,3,2,0.257,1
turn,middle,dry,1.805,0.433,0.299,1,1,0.614,0
river,late,dry,2.071,0.771,0.344,1,0,0.94,0
turn,blind,dry,0.486,0.582,0.163,3,0,0.708,0
flop,late,dry,0.848,0.679,0.154,4,0,0.786,0
flop,early,wet,1.509,0.729,0.552,2,1,0.535,0
flop,early,semi_wet,2.678,0.459,0.293,3,0,0.881,0
river,middle,semi_wet,2.535,0.721,0.503,2,1,0.342,0
turn,early,wet,0.614,0.558,0.189,4,0,0.377,0
river,early,wet,1.918,0.706,0.602,1,2,0.632,0
river,blind,wet,0.982,0.484,0.568,1,0,0.754,0
flop,early,dry,1.689,0.351,0.407,1,1,0.29,0
turn,early,dry,1.467,0.464,0.277,4,1,0.71,0
river,late,dry,0.475,0.378,0.029,2,1,0.638,1
turn,early,dry,1.287,0.425,0.078,1,2,0.906,0
flop,middle,dry,1.654,0.787,0.515,1,2,0.199,0
river,blind,dry,0.941,0.827,0.443,0,2,0.448,0
river,late,dry,0.831,0.483,0.426,1,2,0.542,1
turn,blind,semi_wet,0.401,0.826,0.515,0,1,0.607,0
turn,middle,dry,1.385,0.628,0.21,2,0,0.379,1
flop,late,dry,1.067,0.456,0.532,3,0,0.606,1
river,early,dry,0.573,0.544,0.36,1,0,0.644,0
turn,middle,semi_wet,0.795,0.656,0.639,2,1,0.316,1
flop,early,semi_wet,1.036,0.85,0.34,0,2,0.34,1
turn,blind,semi_wet,0.7,0.687,0.431,0,1,0.895,0
river,early,dry,0.953,0.284,0.226,1,0,0.497,1
river,early,dry,0.363,0.725,0.147,1,2,0.499,0
flop,middle,dry,1.998,0.241,0.255,3,0,0.575,1
flop,middle,dry,0.96,0.266,0.193,2,1,0.384,0
river,middle,dry,0.52,0.243,0.143,1,2,0.879,0
river,middle,wet,0.246,0.754,0.44,1,1,0.56,0
turn,middle,dry,1.675,0.734,0.275,4,1,0.395,1
turn,blind,dry,1.293,0.149,0.576,1,1,0.381,0
turn,late,semi_wet,1.068,0.79,0.586,0,1,0.053,1
turn,blind,semi_wet,1.53,0.644,0.086,3,1,0.624,0
flop,blind,dry,1.527,0.314,0.573,0,0,0.825,0
flop,late,dry,1.059,0.874,0.587,1,0,0.893,0
flop,blind,wet,0.827,0.436,0.277,1,0,0.529,0
river,early,dry,0.756,0.759,0.378,0,1,0.72,1
flop,blind,semi_wet,1.199,0.762,0.414,1,3,0.728,0
flop,middle,wet,2.051,0.602,0.337,2,1,0.85,0
turn,late,dry,0.899,0.568,0.037,2,0,0.542,0
flop,early,semi_wet,2.143,0.334,0.332,1,5,0.669,0
flop,early,dry,1.168,0.894,0.11,1,1,0.437,0
turn,blind,dry,1.173,0.495,0.544,0,1,0.423,0
turn,middle,dry,3.0,0.417,0.452,1,1,0.304,0
turn,early,wet,2.361,0.703,0.533,3,1,0.864,0
river,late,dry,2.395,0.601,0.366,0,4,0.53,1
flop,early,dry,0.613,0.694,0.481,0,1,0.671,0
river,middle,wet,3.0,0.63,0.288,1,2,0.521,0
river,late,dry,0.909,0.552,0.23,1,1,0.49,0
river,late,wet,0.839,0.728,0.194,1,0,0.713,0
turn,middle,semi_wet,0.29,0.534,0.194,0,0,0.842,0
turn,middle,semi_wet,1.138,0.199,0.139,5,2,0.613,0
turn,blind,wet,0.524,0.725,0.577,1,2,0.433,1
turn,early,semi_wet,1.191,0.152,0.215,3,0,0.622,0
flop,early,dry,0.502,0.281,0.222,1,2,0.455,0
river,early,wet,2.557,0.605,0.301,3,1,0.469,1
turn,blind,wet,1.288,0.705,0.133,0,0,0.889,0
river,middle,wet,3.0,0.589,0.722,2,2,0.698,0
turn,early,semi_wet,0.542,0.613,0.328,1,1,0.749,0
flop,early,semi_wet,2.23,0.623,0.584,0,2,0.55,0
turn,early,semi_wet,0.353,0.792,0.532,1,0,0.471,1
turn,blind,dry,1.067,0.472,0.22,2,1,0.965,0
turn,middle,semi_wet,0.672,0.802,0.134,0,0,0.829,0
flop,early,semi_wet,0.744,0.51,0.295,1,0,0.724,0
flop,early,semi_wet,0.716,0.79,0.492,1,2,0.447,1
turn,late,dry,0.575,0.384,0.065,0,2,0.344,1
turn,late,semi_wet,0.476,0.79,0.222,0,0,0.199,0
river,blind,semi_wet,0.746,0.086,0.383,0,1,0.486,0
flop,early,semi_wet,1.014,0.628,0.527,0,1,0.767,1
flop,early,wet,1.804,0.384,0.187,3,1,0.806,0
flop,early,semi_wet,1.119,0.611,0.485,0,1,0.463,1
turn,middle,dry,1.807,0.814,0.257,1,2,0.411,0
turn,late,dry,0.422,0.895,0.461,2,3,0.297,0
turn,late,semi_wet,0.75,0.637,0.031,0,3,0.438,1
river,early,semi_wet,1.406,0.78,0.489,0,0,0.53,0
flop,late,wet,1.149,0.693,0.241,0,0,0.595,0
turn,late,dry,0.592,0.7,0.421,1,1,0.233,1
flop,early,dry,1.59,0.935,0.492,0,2,0.879,1
flop,late,dry,0.71,0.654,0.242,0,1,0.837,0
turn,middle,semi_wet,0.62,0.675,0.244,0,3,0.09,0
flop,early,wet,1.243,0.633,0.245,4,0,0.447,0
turn,middle,wet,0.954,0.409,0.34,2,0,0.153,1
turn,blind,semi_wet,0.713,0.948,0.679,2,3,0.516,1
river,late,wet,0.7,0.364,0.312,2,2,0.813,0
turn,middle,dry,0.528,0.666,0.482,2,0,0.192,0
turn,blind,semi_wet,0.765,0.497,0.374,0,2,0.738,0
turn,middle,wet,1.742,0.804,0.148,1,0,0.797,0
flop,middle,dry,1.088,0.716,0.095,0,2,0.721,1
flop,early,wet,1.612,0.829,0.618,1,1,0.602,0
turn,blind,dry,1.263,0.369,0.768,2,1,0.391,0
river,blind,dry,0.679,0.776,0.124,0,1,0.662,1
flop,early,semi_wet,0.384,0.605,0.218,1,1,0.765,0
turn,late,wet,0.571,0.371,0.279,2,0,0.587,0
river,blind,dry,0.658,0.651,0.21,0,1,0.755,0
river,late,wet,0.63,0.831,0.562,1,1,0.648,0
turn,early,dry,1.632,0.811,0.292,0,2,0.837,0
turn,blind,semi_wet,1.622,0.493,0.279,3,1,0.478,0
turn,middle,semi_wet,3.0,0.758,0.149,3,0,0.599,0
river,middle,dry,0.625,0.514,0.024,0,0,0.884,0
flop,middle,semi_wet,2.29,0.661,0.665,4,0,0.867,1
river,blind,semi_wet,2.282,0.307,0.211,1,2,0.519,0
flop,late,semi_wet,0.837,0.69,0.635,1,3,0.872,1
river,late,dry,1.234,0.389,0.188,0,0,0.878,0
flop,blind,dry,1.882,0.562,0.139,1,0,0.588,0
flop,blind,wet,0.921,0.863,0.442,0,2,0.613,0
flop,blind,semi_wet,0.882,0.6,0.302,0,1,0.355,1
turn,blind,wet,0.674,0.579,0.39,0,1,0.47,0
flop,blind,semi_wet,0.26,0.717,0.075,1,1,0.136,0
flop,blind,wet,0.989,0.626,0.427,0,0,0.598,0
turn,late,dry,0.644,0.365,0.333,1,1,0.632,1
turn,early,semi_wet,0.527,0.527,0.555,0,2,0.715,0
river,early,semi_wet,1.2,0.677,0.667,0,1,0.613,0
river,blind,dry,0.428,0.638,0.626,0,1,0.824,0
turn,middle,dry,1.482,0.387,0.539,2,1,0.52,1
flop,blind,semi_wet,1.241,0.996,0.15,0,1,0.502,1
flop,blind,wet,0.763,0.624,0.07,3,0,0.56,0
river,late,semi_wet,0.919,0.691,0.346,1,1,0.767,0
flop,blind,dry,0.494,0.883,0.277,0,1,0.724,1
turn,middle,wet,1.437,0.522,0.435,1,1,0.966,0
river,middle,dry,1.054,0.521,0.407,3,1,0.8,0
river,blind,dry,1.099,0.388,0.508,0,1,0.745,0
turn,blind,wet,1.254,0.512,0.565,3,1,0.627,1
turn,early,wet,0.668,0.479,0.299,0,0,0.739,0
turn,blind,wet,0.413,0.746,0.419,1,1,0.269,0
river,middle,wet,1.61,0.724,0.169,1,1,0.919,0
flop,blind,semi_wet,1.389,0.781,0.191,0,3,0.81,0
flop,late,dry,0.709,0.375,0.323,1,0,0.942,1
turn,late,dry,1.191,0.281,0.548,0,0,0.55,1
flop,early,wet,1.9,0.582,0.211,0,1,0.642,1
turn,middle,wet,1.779,0.379,0.681,1,0,0.546,0
turn,late,dry,0.697,0.41,0.398,2,0,0.769,0
river,blind,dry,0.419,0.773,0.274,0,1,0.708,0
river,early,dry,0.461,0.726,0.299,1,0,0.362,1
turn,early,dry,0.801,0.744,0.166,3,1,0.662,1
river,late,wet,2.126,0.683,0.306,0,1,0.648,0
flop,middle,dry,0.637,0.852,0.155,0,3,0.628,0
turn,blind,semi_wet,0.685,0.433,0.579,1,1,0.672,0
flop,early,wet,0.678,0.844,0.084,2,1,0.47,0
river,middle,semi_wet,0.71,0.464,0.598,1,1,0.728,1
river,early,semi_wet,0.945,0.798,0.549,3,0,0.809,1
river,late,dry,0.47,0.911,0.27,1,3,0.783,1
river,blind,dry,1.727,0.597,0.496,4,0,0.841,0
river,early,dry,0.878,0.687,0.164,1,0,0.406,0
flop,middle,dry,3.0,0.477,0.118,0,3,0.801,0
river,blind,dry,0.499,0.694,0.476,0,0,0.569,0
turn,early,dry,2.281,0.915,0.221,0,0,0.751,0
turn,blind,dry,2.045,0.807,0.114,1,0,0.888,1
turn,blind,dry,0.758,0.85,0.391,1,0,0.759,0
flop,early,wet,0.765,0.75,0.629,1,3,0.587,1
flop,early,dry,0.573,0.31,0.322,2,1,0.549,0
flop,late,dry,0.577,0.677,0.219,0,0,0.681,0
flop,early,wet,0.951,0.304,0.303,2,0,0.772,0
turn,late,dry,0.962,0.949,0.301,1,1,0.812,1
river,early,semi_wet,0.394,0.812,0.161,2,2,0.886,0
turn,late,wet,3.0,0.456,0.092,3,0,0.808,0
turn,middle,semi_wet,0.825,0.857,0.367,0,2,0.16,1
turn,late,dry,0.986,0.746,0.022,0,1,0.317,1
turn,blind,semi_wet,0.674,0.252,0.284,0,2,0.845,0
flop,middle,semi_wet,0.821,0.726,0.482,1,2,0.849,0
river,late,dry,0.781,0.365,0.273,2,1,0.76,0
flop,late,dry,0.95,0.563,0.324,1,0,0.433,0
river,blind,dry,0.944,0.68,0.426,0,1,0.74,0
river,early,wet,1.481,0.386,0.082,0,5,0.519,0
turn,early,dry,1.078,0.549,0.56,0,0,0.592,0
river,middle,dry,1.401,0.561,0.237,3,0,0.602,0
flop,late,semi_wet,0.946,0.678,0.286,2,0,0.573,0
river,blind,wet,1.08,0.869,0.384,0,0,0.464,0
river,middle,dry,0.833,0.734,0.431,1,1,0.789,1
river,early,dry,1.652,0.834,0.565,1,2,0.866,1
turn,late,semi_wet,1.136,0.507,0.214,2,2,0.963,1
river,late,semi_wet,0.872,0.757,0.151,4,1,0.725,0
river,middle,semi_wet,0.858,0.926,0.326,0,3,0.315,1
turn,early,wet,0.896,0.868,0.614,1,0,0.935,0
river,blind,dry,0.967,0.519,0.396,0,2,0.482,0
river,blind,dry,0.922,0.686,0.079,1,0,0.83,0
turn,late,dry,0.7,0.658,0.07,1,2,0.698,0
river,late,dry,1.449,0.743,0.587,0,0,0.74,0
turn,middle,semi_wet,1.5,0.908,0.445,0,1,0.712,1
turn,middle,wet,2.537,0.779,0.538,2,0,0.793,0
flop,early,dry,0.682,0.843,0.508,4,1,0.686,1
flop,early,semi_wet,1.372,0.547,0.297,0,4,0.886,0
river,middle,dry,0.333,0.446,0.21,0,0,0.602,0
turn,middle,semi_wet,1.501,0.767,0.243,0,1,0.789,1
turn,early,dry,0.427,0.764,0.5,0,0,0.397,1
flop,blind,semi_wet,0.554,0.79,0.137,0,4,0.709,0
turn,middle,dry,1.142,0.464,0.44,0,1,0.278,0
river,late,wet,0.676,0.772,0.608,1,5,0.458,1
river,middle,wet,0.627,0.31,0.32,1,1,0.365,0
flop,middle,wet,0.729,0.551,0.258,1,1,0.716,0
turn,blind,wet,1.421,0.793,0.202,1,0,0.775,0
turn,late,dry,0.569,0.621,0.487,3,0,0.732,1
turn,blind,semi_wet,0.923,0.302,0.37,1,1,0.468,1
turn,middle,dry,0.772,0.382,0.114,1,3,0.536,0
turn,middle,wet,1.493,0.612,0.296,2,1,0.554,0
turn,middle,dry,1.516,0.382,0.335,0,2,0.483,0
turn,late,dry,0.347,0.58,0.142,2,1,0.517,0
turn,middle,semi_wet,1.69,0.927,0.201,3,1,0.627,1
turn,middle,dry,0.68,0.57,0.136,2,1,0.46,0
river,early,semi_wet,1.083,0.64,0.125,0,0,0.441,0
river,late,dry,0.568,0.807,0.339,0,2,0.488,0
flop,late,semi_wet,1.167,0.547,0.299,0,2,0.789,0
river,late,wet,3.0,0.532,0.031,1,0,0.093,1
river,blind,semi_wet,1.02,0.707,0.367,2,4,0.628,1
flop,blind,dry,0.739,0.746,0.391,1,2,0.655,0
turn,blind,dry,0.837,0.539,0.091,1,2,0.467,0
flop,early,dry,0.424,0.645,0.343,2,1,0.355,0
river,blind,dry,2.111,0.49,0.831,0,1,0.58,0
flop,middle,semi_wet,1.13,0.546,0.549,2,0,0.142,1
turn,middle,dry,0.534,0.728,0.297,3,1,0.554,0
flop,middle,dry,0.544,0.978,0.159,2,2,0.732,1
turn,middle,dry,0.959,0.51,0.282,1,1,0.32,1
river,blind,wet,1.588,0.908,0.129,2,0,0.742,1
turn,late,dry,0.505,0.467,0.602,1,2,0.978,0
river,blind,dry,1.755,0.527,0.192,2,2,0.385,0
river,blind,semi_wet,0.904,0.544,0.391,0,0,0.238,0
river,middle,dry,0.57,0.89,0.234,1,1,0.887,0
flop,late,wet,0.735,0.839,0.359,0,1,0.685,0
river,late,dry,2.489,0.588,0.488,2,1,0.697,0
flop,middle,semi_wet,0.443,0.891,0.338,0,0,0.893,1
turn,late,semi_wet,0.636,0.336,0.437,0,1,0.511,1
river,late,wet,1.606,0.282,0.311,1,1,0.396,0
turn,blind,semi_wet,1.071,0.361,0.549,0,1,0.789,0
turn,blind,wet,0.616,0.897,0.313,2,1,0.826,0
turn,late,semi_wet,1.617,0.662,0.228,2,1,0.27,1
river,blind,semi_wet,1.66,0.409,0.266,0,1,0.49,0
river,early,semi_wet,1.141,0.489,0.597,0,2,0.935,0
turn,blind,semi_wet,0.679,0.685,0.593,2,0,0.797,0
river,middle,semi_wet,0.739,0.148,0.416,1,0,0.664,0
flop,middle,dry,1.112,0.727,0.101,0,1,0.451,1
flop,blind,dry,0.462,0.399,0.279,1,1,0.421,0
turn,middle,dry,1.974,0.802,0.746,1,0,0.252,1
river,blind,dry,2.423,0.785,0.597,2,0,0.827,0
flop,middle,semi_wet,0.835,0.315,0.118,1,1,0.6,0
flop,middle,dry,1.157,0.527,0.303,1,2,0.367,1
flop,middle,semi_wet,1.826,0.797,0.389,2,3,0.821,1
river,middle,semi_wet,2.789,0.618,0.31,1,2,0.625,1
flop,blind,semi_wet,2.24,0.831,0.624,2,2,0.338,1
turn,early,semi_wet,0.366,0.76,0.182,0,0,0.566,0
river,late,dry,0.8,0.711,0.336,2,1,0.552,1
flop,blind,dry,1.253,0.389,0.231,0,2,0.756,0
turn,middle,semi_wet,0.725,0.297,0.255,0,2,0.414,0
turn,late,wet,2.536,0.775,0.401,0,2,0.375,1
river,middle,semi_wet,2.331,0.455,0.598,4,2,0.319,0
turn,early,semi_wet,0.607,0.59,0.32,2,2,0.702,0
turn,late,semi_wet,0.87,0.536,0.505,2,0,0.824,0
flop,blind,semi_wet,0.63,0.742,0.129,1,3,0.617,0
river,late,semi_wet,0.854,0.279,0.07,1,0,0.442,0
river,middle,semi_wet,0.84,0.854,0.111,1,0,0.217,1
flop,early,dry,1.608,0.655,0.16,1,2,0.171,1
turn,blind,dry,0.584,0.38,0.247,0,1,0.789,1
river,blind,dry,0.226,0.786,0.082,1,2,0.331,1
flop,blind,semi_wet,0.394,0.856,0.506,1,0,0.785,0
flop,middle,wet,0.54,0.43,0.356,2,1,0.531,1
turn,late,dry,0.663,0.632,0.109,1,0,0.89,0
flop,middle,dry,1.054,0.618,0.755,0,3,0.829,1
flop,early,wet,0.525,0.765,0.475,0,1,0.508,0
turn,early,dry,0.489,0.691,0.181,1,2,0.219,0
flop,middle,wet,0.571,0.638,0.54,1,1,0.559,1
turn,late,dry,0.515,0.776,0.355,0,0,0.808,1
river,early,dry,0.701,0.483,0.094,2,0,0.464,0
turn,late,semi_wet,0.685,0.869,0.472,0,1,0.811,0
flop,middle,dry,1.39,0.549,0.554,2,3,0.621,0
river,blind,dry,0.552,0.714,0.074,1,0,0.77,0
flop,middle,dry,0.781,0.54,0.226,1,2,0.583,0
river,early,dry,0.705,0.499,0.284,2,1,0.761,0
turn,middle,dry,1.484,0.538,0.441,2,1,0.386,0
river,blind,wet,0.874,0.453,0.017,2,0,0.859,0
flop,middle,dry,1.695,0.116,0.555,0,2,0.73,1
flop,late,dry,0.505,0.627,0.106,1,0,0.857,0
turn,blind,dry,0.926,0.581,0.229,1,1,0.921,0
flop,middle,wet,0.693,0.566,0.605,0,1,0.751,1
flop,late,wet,0.485,0.93,0.455,0,2,0.454,0
river,early,wet,0.917,0.682,0.193,2,0,0.154,0
river,middle,wet,2.467,0.808,0.716,3,1,0.343,1
flop,middle,dry,0.595,0.611,0.713,0,1,0.791,1
river,late,semi_wet,0.887,0.436,0.213,1,0,0.494,1
river,blind,dry,0.462,0.898,0.275,0,0,0.625,1
river,middle,wet,0.426,0.237,0.478,0,2,0.899,0
turn,middle,semi_wet,0.617,0.688,0.437,0,1,0.322,1
turn,blind,dry,0.743,0.947,0.241,0,0,0.77,0
turn,middle,wet,0.761,0.585,0.156,1,0,0.473,0
turn,late,wet,0.84,0.861,0.124,2,1,0.583,0
river,late,wet,0.384,0.49,0.287,1,0,0.796,0
flop,early,dry,0.674,0.406,0.155,1,0,0.276,1
flop,blind,dry,1.254,0.952,0.065,1,1,0.333,0
flop,middle,dry,0.451,0.866,0.519,0,0,0.777,0
river,late,semi_wet,0.782,0.33,0.123,2,1,0.62,1
turn,middle,semi_wet,1.117,0.392,0.228,0,0,0.305,0
turn,blind,dry,0.619,0.761,0.241,3,3,0.581,0
river,late,wet,1.148,0.901,0.408,3,1,0.538,0
river,early,dry,0.412,0.96,0.215,0,2,0.621,1
flop,early,semi_wet,1.551,0.69,0.504,1,3,0.584,1
river,blind,wet,1.163,0.666,0.327,1,2,0.399,1
river,late,semi_wet,0.981,0.817,0.307,0,0,0.831,0
flop,middle,dry,1.766,0.448,0.501,1,1,0.807,0
river,early,dry,0.794,0.769,0.44,3,0,0.399,0
turn,early,dry,0.677,0.768,0.412,0,1,0.358,1
turn,blind,semi_wet,2.024,0.243,0.366,3,0,0.556,0
turn,blind,semi_wet,2.618,0.361,0.721,2,1,0.771,0
flop,middle,dry,0.65,0.945,0.211,2,0,0.847,0
flop,early,wet,0.894,0.832,0.779,2,0,0.681,0
flop,middle,semi_wet,1.69,0.59,0.057,2,0,0.565,0
flop,early,wet,0.911,0.934,0.17,0,0,0.501,0
turn,late,semi_wet,1.319,0.906,0.197,1,0,0.765,0
turn,late,wet,1.461,0.45,0.216,0,2,0.743,0
flop,blind,dry,0.698,0.451,0.487,1,1,0.351,0
turn,middle,dry,1.198,0.718,0.65,1,1,0.81,0
turn,early,wet,0.948,0.338,0.654,3,2,0.866,0
turn,early,wet,0.487,0.75,0.562,0,0,0.728,0
river,middle,semi_wet,0.552,0.92,0.44,0,2,0.489,0
turn,late,dry,0.664,0.575,0.323,2,0,0.342,1
river,early,dry,1.585,0.42,0.471,3,2,0.507,1
flop,blind,wet,1.614,0.513,0.116,2,0,0.646,1
river,middle,wet,1.437,0.691,0.552,0,2,0.506,1
river,blind,dry,1.212,0.27,0.212,1,0,0.392,1
river,middle,dry,1.194,0.441,0.206,0,0,0.683,1
turn,early,semi_wet,1.108,0.795,0.32,0,3,0.64,0
turn,early,semi_wet,1.19,0.42,0.384,1,1,0.635,0
turn,late,semi_wet,1.235,0.83,0.14,2,4,0.542,0
turn,late,semi_wet,0.439,0.66,0.709,2,2,0.701,0
river,blind,wet,0.616,0.62,0.146,1,1,0.769,0
river,blind,dry,0.54,0.975,0.426,1,2,0.378,0
turn,early,semi_wet,1.749,0.856,0.323,1,1,0.724,1
flop,middle,semi_wet,2.363,0.813,0.302,3,0,0.758,0
turn,early,semi_wet,0.289,0.229,0.258,0,0,0.805,0
flop,early,wet,2.249,0.505,0.354,0,0,0.918,0
flop,early,semi_wet,0.998,0.433,0.117,0,2,0.651,0
flop,early,semi_wet,1.66,0.18,0.161,1,0,0.343,1
river,late,dry,1.257,0.616,0.129,1,1,0.44,0
flop,early,semi_wet,2.101,0.661,0.269,0,0,0.584,0
flop,early,dry,1.068,0.161,0.503,1,0,0.8,0
flop,early,dry,0.449,0.508,0.391,0,2,0.717,0
river,late,semi_wet,0.898,0.769,0.468,1,0,0.762,1
turn,late,semi_wet,1.263,0.286,0.54,1,1,0.45,1
flop,blind,wet,0.845,0.669,0.083,2,0,0.42,1
flop,early,semi_wet,1.366,0.5,0.317,1,0,0.487,0
turn,early,wet,0.917,0.473,0.182,0,1,0.834,0
flop,middle,dry,0.686,0.277,0.218,1,0,0.454,0
turn,late,semi_wet,0.523,0.581,0.248,1,0,0.81,1
turn,early,wet,0.767,0.506,0.292,0,0,0.714,0
river,early,semi_wet,1.065,0.541,0.281,1,3,0.532,0
flop,middle,wet,0.324,0.641,0.471,0,3,0.908,0
turn,early,semi_wet,0.619,0.608,0.368,1,1,0.438,1
flop,middle,dry,0.317,0.701,0.251,1,0,0.614,0
river,blind,semi_wet,0.677,0.746,0.232,2,2,0.496,0
river,late,dry,1.838,0.61,0.369,2,1,0.775,0
river,middle,dry,0.495,0.517,0.214,2,1,0.8,0
turn,middle,dry,1.4,0.663,0.462,1,0,0.639,0
flop,blind,dry,3.0,0.335,0.436,0,2,0.901,0
river,late,dry,2.116,0.647,0.634,3,3,0.788,1
river,late,wet,1.024,0.516,0.189,4,4,0.578,0
flop,blind,dry,1.525,0.286,0.143,0,0,0.527,1
turn,early,wet,0.448,0.924,0.435,0,0,0.677,0
turn,early,semi_wet,0.4,0.81,0.082,0,0,0.162,0
river,middle,dry,0.966,0.929,0.188,1,1,0.27,1
turn,middle,dry,1.184,0.703,0.537,3,2,0.521,1
turn,early,wet,1.737,0.543,0.385,0,2,0.59,0
turn,early,semi_wet,0.696,0.636,0.047,4,2,0.502,1
flop,blind,wet,1.058,0.448,0.209,1,1,0.62,0
turn,late,dry,1.038,0.832,0.287,0,3,0.402,0
flop,late,semi_wet,0.885,0.503,0.367,2,0,0.592,0
river,early,wet,0.914,0.626,0.382,0,0,0.404,0
turn,middle,wet,0.594,0.674,0.486,1,1,0.91,1
turn,late,dry,1.109,0.604,0.217,2,0,0.858,0
flop,late,wet,1.059,0.529,0.278,1,3,0.817,0
flop,late,dry,0.747,0.265,0.182,2,1,0.346,1
turn,late,wet,1.372,0.651,0.263,1,2,0.404,1
flop,middle,semi_wet,1.674,0.333,0.479,2,1,0.875,0
flop,blind,semi_wet,1.381,0.359,0.378,2,2,0.535,1
river,middle,dry,0.536,0.38,0.143,1,0,0.467,1
turn,early,wet,1.005,0.261,0.297,1,1,0.634,0
turn,blind,dry,0.576,0.792,0.277,1,1,0.776,0
turn,early,semi_wet,1.003,0.573,0.601,1,1,0.516,0
river,middle,semi_wet,0.577,0.779,0.274,1,1,0.48,0
flop,early,semi_wet,1.92,0.238,0.563,2,2,0.924,0
river,early,semi_wet,1.464,0.577,0.21,0,0,0.46,0
river,middle,semi_wet,1.793,0.435,0.459,3,5,0.571,0
turn,early,semi_wet,1.696,0.54,0.395,2,0,0.614,0
turn,middle,semi_wet,0.82,0.606,0.084,0,2,0.623,0
river,blind,semi_wet,0.753,0.558,0.339,3,1,0.122,1
turn,early,semi_wet,2.479,0.464,0.302,1,0,0.544,0
turn,blind,wet,0.869,0.722,0.361,1,2,0.216,0
turn,middle,semi_wet,0.452,0.797,0.347,1,2,0.968,0
flop,late,dry,1.656,0.733,0.125,3,1,0.612,0
flop,middle,semi_wet,1.03,0.405,0.185,1,1,0.591,0
turn,middle,dry,2.178,0.718,0.513,0,2,0.598,0
flop,early,dry,1.087,0.473,0.146,1,1,0.827,0
turn,late,wet,0.941,0.789,0.747,2,3,0.428,1
turn,blind,semi_wet,2.202,0.866,0.396,0,0,0.184,1
river,late,semi_wet,0.408,0.714,0.495,1,0,0.304,0
flop,late,wet,0.689,0.774,0.373,0,1,0.644,0
turn,late,dry,0.584,0.816,0.479,1,2,0.572,1
turn,middle,dry,0.284,0.585,0.338,0,1,0.684,1
flop,early,dry,1.538,0.273,0.278,0,1,0.836,0
flop,late,dry,0.7,0.598,0.167,0,2,0.763,1
flop,blind,semi_wet,1.565,0.853,0.573,2,3,0.84,1
flop,middle,wet,1.178,0.356,0.173,2,0,0.823,0
flop,blind,semi_wet,1.328,0.286,0.185,3,1,0.475,0
turn,blind,dry,0.74,0.612,0.565,1,0,0.352,0
turn,early,semi_wet,0.625,0.752,0.57,0,1,0.44,0
flop,late,dry,0.999,0.742,0.144,3,0,0.263,0
flop,late,semi_wet,1.577,0.663,0.152,0,1,0.71,0
flop,middle,semi_wet,0.925,0.543,0.377,0,0,0.651,0
turn,late,dry,0.647,0.929,0.104,1,1,0.535,1
flop,blind,wet,0.492,0.18,0.508,2,0,0.329,0
turn,late,wet,1.064,0.516,0.085,2,2,0.21,0
flop,blind,dry,0.701,0.36,0.543,0,1,0.868,0
flop,blind,semi_wet,0.914,0.495,0.39,0,0,0.513,0
river,blind,semi_wet,0.834,0.693,0.3,3,1,0.801,0
flop,blind,dry,0.745,0.474,0.391,2,0,0.325,1
flop,early,dry,1.118,0.554,0.186,0,0,0.632,0
flop,early,semi_wet,1.29,0.669,0.14,4,2,0.689,0
river,early,wet,2.804,0.661,0.424,1,1,0.398,1
turn,early,semi_wet,1.443,0.675,0.216,1,3,0.316,0
turn,late,semi_wet,2.285,0.36,0.321,2,0,0.687,0
river,late,semi_wet,0.606,0.72,0.162,1,0,0.741,0
flop,middle,semi_wet,0.394,0.694,0.341,1,0,0.785,0
river,early,dry,0.944,0.236,0.445,0,1,0.593,0
flop,late,dry,1.525,0.613,0.329,4,2,0.551,1
turn,middle,wet,1.399,0.871,0.134,2,0,0.827,0
turn,blind,wet,1.852,0.844,0.189,1,2,0.773,0
turn,early,wet,0.236,0.879,0.337,3,2,0.729,0
river,middle,dry,1.895,0.431,0.324,0,2,0.795,0
flop,early,semi_wet,1.144,0.751,0.349,1,1,0.704,0
river,middle,semi_wet,0.407,0.425,0.238,3,1,0.756,0
turn,blind,dry,1.416,0.476,0.279,4,1,0.616,1
turn,middle,dry,1.044,0.91,0.272,1,0,0.558,0
river,middle,wet,1.173,0.213,0.521,1,0,0.607,1
flop,middle,semi_wet,1.648,0.834,0.19,0,1,0.415,0
river,middle,semi_wet,1.205,0.689,0.655,3,0,0.595,1
turn,late,dry,0.423,0.761,0.282,2,1,0.173,0
river,blind,semi_wet,0.879,0.739,0.092,0,1,0.685,0
flop,late,dry,0.391,0.834,0.057,1,2,0.714,0
turn,late,dry,1.359,0.503,0.679,0,1,0.585,0
turn,middle,semi_wet,2.052,0.484,0.809,2,1,0.82,1
turn,early,dry,0.481,0.745,0.073,0,0,0.597,0
flop,late,wet,0.658,0.851,0.1,3,0,0.299,0
flop,blind,semi_wet,0.585,0.56,0.402,0,1,0.395,1
river,late,dry,0.741,0.444,0.227,2,3,0.559,0
flop,early,dry,1.193,0.746,0.482,2,1,0.352,0
river,late,semi_wet,0.746,0.669,0.754,0,1,0.795,1
river,blind,dry,1.362,0.675,0.62,0,1,0.804,0
flop,early,dry,1.709,0.814,0.497,2,1,0.73,0
flop,early,semi_wet,1.744,0.657,0.149,2,2,0.497,1
turn,late,dry,0.514,0.831,0.1,1,1,0.412,1
flop,middle,semi_wet,2.039,0.596,0.265,0,0,0.491,0
turn,late,semi_wet,2.13,0.633,0.564,0,2,0.214,1
turn,late,dry,2.234,0.548,0.262,3,2,0.292,0
turn,middle,wet,0.872,0.861,0.262,1,5,0.595,1
turn,early,semi_wet,0.629,0.215,0.191,1,1,0.6,1
turn,late,semi_wet,0.554,0.347,0.441,0,0,0.482,1
turn,middle,dry,0.519,0.228,0.371,1,0,0.568,0
flop,blind,semi_wet,0.957,0.778,0.542,1,0,0.878,0
turn,middle,dry,1.516,0.888,0.114,1,1,0.42,1
river,early,semi_wet,1.952,0.602,0.566,1,1,0.374,1
turn,blind,dry,0.728,0.295,0.231,0,0,0.83,0
turn,late,wet,0.931,0.909,0.448,0,2,0.265,1
flop,late,dry,0.898,0.593,0.14,1,1,0.768,1
flop,blind,wet,0.671,0.6,0.459,3,1,0.492,1
flop,blind,wet,1.426,0.89,0.107,2,0,0.513,0
flop,blind,semi_wet,1.161,0.522,0.289,0,0,0.298,0
river,blind,dry,1.028,0.604,0.355,0,1,0.781,0
flop,middle,dry,1.158,0.416,0.256,1,1,0.391,1
river,early,wet,1.334,0.799,0.069,0,2,0.481,0
flop,late,semi_wet,1.327,0.613,0.559,0,1,0.356,1
flop,blind,semi_wet,0.6,0.729,0.178,1,0,0.729,0
turn,blind,dry,1.557,0.695,0.365,1,3,0.927,0
flop,late,wet,1.095,0.697,0.385,0,1,0.691,1
river,late,dry,0.749,0.895,0.407,4,0,0.474,1
river,late,dry,1.082,0.665,0.368,0,0,0.672,0
river,early,dry,1.15,0.603,0.271,1,1,0.891,0
flop,early,semi_wet,1.725,0.851,0.181,0,0,0.594,0
river,early,wet,0.535,0.382,0.577,1,0,0.613,0
flop,blind,wet,1.971,0.313,0.176,0,1,0.497,0
river,blind,dry,0.963,0.752,0.261,1,1,0.538,0
turn,middle,dry,0.72,0.647,0.258,0,1,0.483,0
flop,middle,wet,0.708,0.205,0.252,1,0,0.727,1
flop,middle,semi_wet,0.548,0.539,0.23,1,0,0.787,1
flop,early,dry,0.365,0.562,0.295,1,0,0.728,0
flop,middle,dry,1.381,0.726,0.09,0,1,0.556,0
river,middle,semi_wet,2.828,0.767,0.448,2,1,0.351,0
river,late,wet,0.391,0.37,0.229,1,0,0.666,0
river,blind,semi_wet,0.564,0.809,0.298,2,0,0.515,0
flop,early,dry,1.438,0.799,0.121,1,0,0.413,1
turn,middle,semi_wet,0.928,0.619,0.153,1,2,0.849,0
flop,blind,dry,1.505,0.94,0.278,0,1,0.369,0
turn,blind,wet,0.899,0.662,0.05,1,2,0.408,0
flop,blind,dry,0.691,0.731,0.521,0,1,0.772,0
flop,late,dry,0.84,0.64,0.532,3,1,0.849,1
turn,early,semi_wet,0.257,0.667,0.354,2,1,0.609,1
flop,blind,dry,0.507,0.726,0.468,1,0,0.688,0
turn,late,dry,1.602,0.709,0.171,2,2,0.161,0
turn,blind,semi_wet,1.832,0.822,0.16,3,1,0.418,1
flop,blind,wet,2.061,0.819,0.109,4,1,0.625,0
river,middle,wet,1.212,0.609,0.093,1,2,0.447,1
turn,early,dry,0.275,0.531,0.279,3,1,0.251,1
river,late,dry,0.671,0.292,0.205,1,0,0.86,0
turn,middle,semi_wet,1.971,0.738,0.247,4,1,0.924,0
river,early,semi_wet,2.323,0.86,0.275,0,0,0.755,0
river,middle,dry,2.013,0.834,0.111,2,0,0.309,0
river,blind,wet,0.835,0.907,0.404,0,0,0.423,0
turn,middle,wet,0.464,0.705,0.222,3,1,0.428,1
flop,middle,dry,0.93,0.181,0.164,3,0,0.615,0
flop,late,wet,0.959,0.48,0.22,2,2,0.296,0
turn,late,semi_wet,2.25,0.587,0.388,4,1,0.614,1
flop,middle,dry,1.078,0.815,0.572,3,2,0.784,0
flop,blind,semi_wet,0.96,0.56,0.341,1,1,0.66,0
flop,late,dry,0.99,0.981,0.37,0,0,0.989,0
turn,early,dry,1.185,0.549,0.088,2,0,0.647,1
flop,middle,wet,1.343,0.732,0.607,2,1,0.45,0
turn,blind,semi_wet,0.639,0.835,0.417,2,1,0.48,1
river,early,dry,0.532,0.256,0.405,1,1,0.659,1
river,early,semi_wet,2.021,0.197,0.196,1,1,0.787,0
flop,late,wet,0.386,0.51,0.161,1,1,0.365,1
turn,middle,semi_wet,2.341,0.81,0.266,0,3,0.521,1
turn,middle,wet,0.333,0.479,0.147,0,2,0.791,0
turn,middle,wet,0.69,0.682,0.242,0,3,0.326,0
turn,early,dry,1.623,0.909,0.381,2,0,0.689,0
flop,middle,semi_wet,0.951,0.423,0.051,1,0,0.638,0
river,early,semi_wet,0.461,0.208,0.262,1,1,0.456,1
flop,late,wet,1.203,0.606,0.116,1,1,0.518,0
river,late,dry,0.987,0.383,0.294,0,0,0.428,1
turn,blind,dry,0.845,0.695,0.131,0,2,0.589,0
flop,early,dry,0.675,0.437,0.673,1,0,0.627,0
river,middle,semi_wet,0.933,0.805,0.02,1,1,0.687,0
flop,middle,wet,0.691,0.876,0.415,0,0,0.377,0
river,late,wet,3.0,0.283,0.373,1,1,0.602,0
turn,late,semi_wet,0.834,0.342,0.262,3,2,0.425,0
flop,blind,dry,0.774,0.836,0.271,1,1,0.458,1
flop,blind,dry,0.706,0.254,0.467,2,1,0.265,0
river,blind,wet,2.528,0.623,0.396,2,0,0.511,0
flop,early,semi_wet,0.386,0.263,0.071,3,1,0.977,0
river,early,wet,1.159,0.58,0.242,1,2,0.347,0
river,blind,dry,0.834,0.854,0.524,0,0,0.683,0
turn,blind,semi_wet,0.435,0.851,0.377,1,0,0.446,1
flop,middle,wet,0.606,0.393,0.19,0,0,0.332,1
river,early,dry,1.132,0.277,0.363,1,0,0.126,1
river,late,dry,0.591,0.587,0.296,0,0,0.423,1
flop,late,semi_wet,1.097,0.274,0.075,1,0,0.657,1
flop,blind,semi_wet,2.462,0.438,0.316,0,0,0.455,1
flop,late,wet,1.045,0.331,0.168,1,2,0.429,0
turn,blind,wet,0.428,0.209,0.569,3,0,0.431,0
river,blind,semi_wet,0.597,0.061,0.517,0,1,0.891,0
turn,early,dry,0.813,0.694,0.195,0,2,0.501,0
turn,early,semi_wet,0.784,0.314,0.407,2,0,0.387,1
flop,blind,wet,1.034,0.898,0.476,3,2,0.832,1
flop,early,semi_wet,1.13,0.699,0.338,0,1,0.269,0
flop,early,wet,2.464,0.631,0.53,1,5,0.549,0
river,blind,semi_wet,0.949,0.703,0.586,2,1,0.711,0
turn,early,dry,0.505,0.552,0.394,2,1,0.661,0
turn,early,semi_wet,1.794,0.577,0.189,4,1,0.583,0
river,early,semi_wet,1.905,0.954,0.154,2,3,0.556,0
flop,middle,dry,1.081,0.905,0.174,1,1,0.698,0
flop,late,dry,0.831,0.609,0.1,1,0,0.362,0
flop,late,semi_wet,1.34,0.36,0.738,0,1,0.536,0
river,blind,dry,0.847,0.76,0.31,1,3,0.882,1
river,late,dry,0.307,0.45,0.6,0,2,0.775,0
turn,blind,semi_wet,1.297,0.477,0.35,0,1,0.621,0
flop,early,wet,1.554,0.589,0.181,0,3,0.453,0
flop,middle,semi_wet,2.101,0.761,0.19,1,1,0.232,0
turn,middle,wet,0.636,0.715,0.042,0,3,0.966,0
turn,early,wet,1.077,0.641,0.444,0,1,0.819,0
river,blind,semi_wet,1.09,0.458,0.464,1,0,0.309,1
river,early,dry,0.997,0.763,0.526,1,1,0.598,1
turn,middle,wet,1.013,0.375,0.357,1,1,0.789,0
river,middle,dry,0.971,0.656,0.219,0,1,0.792,1
river,early,wet,1.069,0.644,0.378,0,1,0.839,0
turn,blind,semi_wet,1.43,0.779,0.389,3,1,0.292,1
turn,early,dry,1.861,0.43,0.142,2,1,0.501,1
river,early,semi_wet,0.628,0.732,0.26,2,1,0.883,0
flop,middle,semi_wet,0.865,0.795,0.377,0,0,0.681,1
river,early,wet,0.754,0.353,0.711,0,0,0.713,0
flop,blind,dry,0.697,0.498,0.339,4,2,0.483,0
turn,early,wet,0.391,0.712,0.271,2,1,0.918,0
river,middle,dry,0.964,0.546,0.522,1,3,0.487,1
turn,middle,wet,1.238,0.925,0.753,2,2,0.584,1
turn,early,wet,0.873,0.5,0.498,0,0,0.528,1
turn,early,dry,0.947,0.725,0.353,2,0,0.885,0
flop,late,dry,1.197,0.281,0.57,2,1,0.715,0
flop,early,wet,2.067,0.714,0.474,0,0,0.749,0
flop,early,wet,0.755,0.602,0.161,1,1,0.606,0
turn,middle,dry,0.499,0.765,0.213,1,1,0.812,0
turn,middle,semi_wet,0.905,0.47,0.345,2,1,0.521,0
flop,middle,wet,2.68,0.881,0.126,0,1,0.499,0
river,blind,dry,0.502,0.77,0.402,0,2,0.454,0
turn,middle,semi_wet,1.36,0.307,0.409,1,2,0.496,0
turn,late,semi_wet,1.798,0.743,0.354,2,1,0.329,1
turn,blind,dry,0.259,0.271,0.412,0,1,0.77,1
flop,early,wet,1.192,0.342,0.512,0,0,0.724,0
river,late,dry,1.326,0.424,0.267,3,1,0.745,0
turn,middle,wet,0.821,0.494,0.458,2,2,0.549,1
flop,late,semi_wet,0.667,0.58,0.186,0,0,0.8,0
river,early,semi_wet,0.687,0.539,0.412,1,0,0.894,0
river,middle,semi_wet,0.794,0.531,0.363,0,2,0.206,0
river,early,semi_wet,0.806,0.774,0.564,2,0,0.621,1
river,blind,wet,0.726,0.703,0.302,0,2,0.906,1
river,late,semi_wet,0.787,0.806,0.196,0,0,0.61,0
flop,early,wet,1.831,0.774,0.124,0,0,0.435,0
turn,late,semi_wet,0.488,0.364,0.338,2,0,0.706,0
turn,blind,dry,0.363,0.515,0.506,1,1,0.729,1
flop,late,dry,1.847,0.186,0.542,0,0,0.522,0
flop,middle,wet,0.856,0.252,0.122,1,1,0.914,0
flop,blind,semi_wet,0.768,0.713,0.386,0,1,0.455,0
turn,early,semi_wet,0.895,0.576,0.625,1,2,0.662,1
river,early,semi_wet,1.067,0.099,0.345,0,0,0.828,0
river,early,semi_wet,0.713,0.404,0.384,4,2,0.895,1
flop,blind,semi_wet,1.256,0.696,0.399,0,0,0.404,1
flop,late,semi_wet,0.56,0.85,0.324,1,0,0.626,0
turn,late,wet,0.806,0.878,0.049,4,2,0.458,1
turn,late,dry,0.281,0.682,0.611,2,1,0.493,0
river,middle,semi_wet,1.813,0.631,0.265,0,1,0.471,0
river,early,dry,0.863,0.771,0.188,0,1,0.245,0
river,blind,wet,1.375,0.176,0.3,0,2,0.624,0
river,blind,semi_wet,1.236,0.704,0.228,1,2,0.575,0
river,early,semi_wet,1.287,0.506,0.394,0,2,0.47,1
turn,early,wet,0.947,0.729,0.334,2,1,0.717,1
flop,late,semi_wet,1.178,0.758,0.49,0,3,0.877,1
flop,early,dry,0.561,0.795,0.509,0,3,0.706,0
turn,late,semi_wet,0.499,0.872,0.298,1,2,0.663,0
flop,blind,dry,0.9,0.653,0.231,2,2,0.173,0
flop,middle,wet,0.655,0.301,0.292,5,2,0.741,0
river,middle,semi_wet,2.083,0.737,0.308,3,1,0.73,1
flop,blind,wet,1.169,0.607,0.064,1,0,0.613,0
river,middle,wet,0.641,0.806,0.06,2,1,0.593,0
river,early,wet,0.819,0.29,0.299,0,1,0.675,1
turn,early,semi_wet,1.023,0.234,0.162,1,1,0.536,0
turn,blind,dry,0.916,0.484,0.169,2,1,0.923,0
flop,blind,dry,1.105,0.234,0.666,0,0,0.821,1
turn,early,wet,0.988,0.836,0.106,1,0,0.303,0
flop,blind,wet,0.443,0.844,0.294,3,1,0.804,0
river,early,wet,0.291,0.384,0.105,3,1,0.546,0
flop,early,dry,0.775,0.822,0.561,2,1,0.619,1
flop,middle,dry,1.295,0.287,0.479,2,1,0.278,1
river,middle,wet,0.779,0.815,0.279,1,1,0.681,1
turn,blind,dry,1.878,0.687,0.484,1,1,0.553,0
turn,late,semi_wet,0.927,0.872,0.15,0,2,0.943,0
turn,early,dry,2.007,0.61,0.148,3,2,0.935,0
flop,late,dry,1.792,0.341,0.509,1,0,0.478,1
turn,blind,semi_wet,1.696,0.719,0.187,1,1,0.533,1
flop,late,wet,0.491,0.444,0.01,1,2,0.523,1
flop,early,wet,0.96,0.505,0.133,0,1,0.58,0
flop,early,semi_wet,1.864,0.692,0.112,1,1,0.549,0
flop,middle,semi_wet,1.105,0.836,0.621,1,2,0.639,0
flop,middle,wet,1.29,0.33,0.502,1,0,0.744,1
turn,middle,semi_wet,0.443,0.943,0.277,1,0,0.657,0
flop,early,semi_wet,2.733,0.409,0.232,3,2,0.396,0
flop,early,semi_wet,0.616,0.768,0.164,2,2,0.969,0
turn,late,dry,0.318,0.649,0.227,0,1,0.759,0
flop,blind,dry,0.784,0.132,0.242,2,2,0.729,0
turn,late,wet,0.248,0.895,0.173,0,0,0.533,0
river,middle,semi_wet,0.524,0.846,0.813,1,1,0.517,0
turn,blind,dry,3.0,0.547,0.271,1,0,0.723,0
river,late,dry,0.772,0.75,0.252,1,1,0.66,0
flop,late,wet,0.434,0.892,0.308,1,0,0.557,0
flop,late,semi_wet,0.965,0.362,0.169,2,1,0.736,1
river,blind,semi_wet,0.581,0.2,0.43,1,1,0.255,0
river,late,dry,1.53,0.907,0.26,2,1,0.838,0
river,late,wet,0.583,0.715,0.2,1,0,0.206,0
flop,late,wet,1.104,0.586,0.342,1,0,0.532,0
river,blind,semi_wet,0.506,0.562,0.078,2,0,0.373,0
turn,blind,dry,3.0,0.604,0.459,0,0,0.445,0
flop,middle,semi_wet,1.255,0.709,0.595,2,1,0.682,0
flop,late,wet,0.878,0.652,0.444,1,0,0.229,1
river,early,wet,0.81,0.995,0.224,1,1,0.54,0
flop,late,wet,0.702,0.625,0.329,1,1,0.29,0
river,blind,semi_wet,0.626,0.601,0.241,3,1,0.303,1
turn,late,dry,0.617,0.484,0.135,0,0,0.749,0
river,middle,semi_wet,2.394,0.729,0.709,3,0,0.793,1
river,late,wet,0.702,0.765,0.669,2,1,0.558,1
river,middle,dry,0.295,0.969,0.493,2,2,0.789,1
flop,middle,dry,0.501,0.448,0.39,3,0,0.446,1
flop,early,semi_wet,1.584,0.162,0.538,1,1,0.631,0
turn,late,semi_wet,0.828,0.393,0.121,3,1,0.807,0
turn,early,wet,0.884,0.515,0.298,1,2,0.347,0
flop,middle,dry,1.81,0.527,0.25,1,3,0.697,0
flop,blind,dry,0.62,0.536,0.547,2,1,0.689,0
flop,blind,dry,1.347,0.912,0.294,1,2,0.893,0
flop,middle,semi_wet,0.659,0.834,0.181,0,0,0.495,0
flop,blind,wet,1.306,0.839,0.241,0,3,0.364,1
river,early,semi_wet,0.767,0.717,0.632,2,2,0.767,0
flop,blind,semi_wet,0.833,0.349,0.167,1,1,0.313,1
river,middle,dry,1.493,0.312,0.131,0,0,0.837,1
river,blind,semi_wet,1.435,0.786,0.08,1,0,0.422,0
flop,blind,wet,0.869,0.543,0.555,0,1,0.826,0
river,late,wet,0.734,0.468,0.09,3,2,0.46,0
turn,late,dry,2.292,0.663,0.359,1,1,0.862,0
turn,late,semi_wet,1.315,0.329,0.454,1,0,0.53,0
flop,early,dry,0.767,0.165,0.248,0,0,0.485,0
flop,early,dry,0.664,0.846,0.203,2,1,0.74,0
flop,middle,dry,1.671,0.805,0.155,2,2,0.587,0
turn,middle,dry,1.014,0.337,0.326,2,3,0.89,0
river,late,dry,0.869,0.767,0.315,1,1,0.898,0
turn,middle,wet,1.013,0.86,0.376,0,1,0.859,0
river,late,dry,1.145,0.299,0.29,1,1,0.752,0
river,early,wet,0.922,0.885,0.017,0,1,0.859,0
turn,early,wet,1.844,0.803,0.351,0,0,0.614,0
flop,blind,semi_wet,1.901,0.342,0.59,3,2,0.469,0
river,blind,semi_wet,1.274,0.589,0.066,0,0,0.686,0
turn,blind,wet,2.026,0.458,0.398,1,0,0.638,0
flop,middle,dry,0.956,0.832,0.152,2,0,0.884,0
turn,late,semi_wet,1.391,0.426,0.426,1,1,0.796,0
river,late,semi_wet,1.653,0.981,0.106,2,1,0.852,0
flop,middle,wet,1.666,0.834,0.103,3,0,0.483,1
turn,late,wet,1.574,0.682,0.55,2,2,0.521,1
flop,late,wet,1.346,0.266,0.665,0,1,0.495,0
flop,middle,semi_wet,2.791,0.704,0.273,2,0,0.538,0
flop,middle,semi_wet,0.707,0.842,0.564,3,1,0.531,0
river,middle,wet,0.873,0.426,0.321,2,0,0.857,0
river,blind,wet,0.845,0.985,0.58,0,2,0.442,0
flop,blind,semi_wet,0.777,0.659,0.399,1,1,0.314,0
flop,blind,wet,0.319,0.606,0.252,2,1,0.59,0
flop,blind,wet,2.026,0.572,0.074,3,1,0.564,0
flop,middle,semi_wet,0.541,0.393,0.245,2,0,0.261,0
turn,blind,dry,1.044,0.485,0.181,2,0,0.757,1
turn,early,dry,0.435,0.572,0.643,2,2,0.832,0
turn,blind,wet,1.338,0.653,0.484,1,2,0.662,0
turn,middle,dry,0.618,0.641,0.415,1,1,0.654,1
turn,middle,semi_wet,0.509,0.885,0.42,2,0,0.812,0
flop,early,semi_wet,1.059,0.741,0.677,0,0,0.467,0
flop,early,wet,0.647,0.358,0.163,1,3,0.811,0
river,middle,wet,0.694,0.611,0.236,0,1,0.866,1
river,late,wet,1.045,0.656,0.234,2,1,0.695,1
river,early,semi_wet,1.477,0.197,0.103,0,0,0.642,0
river,blind,dry,0.606,0.51,0.188,2,0,0.817,0
turn,early,semi_wet,0.551,0.66,0.261,1,2,0.788,0
river,blind,dry,0.964,0.363,0.235,0,0,0.77,0
turn,middle,semi_wet,1.28,0.835,0.014,4,1,0.376,1
flop,middle,wet,2.127,0.288,0.408,0,3,0.412,0
flop,early,semi_wet,0.528,0.481,0.238,2,2,0.509,0
flop,blind,semi_wet,0.799,0.746,0.383,1,1,0.208,0
flop,late,semi_wet,1.816,0.54,0.347,2,3,0.762,1
turn,early,wet,2.816,0.479,0.029,1,3,0.454,0
river,early,semi_wet,0.551,0.545,0.484,2,2,0.875,1
river,late,semi_wet,0.634,0.903,0.349,2,1,0.716,1
turn,blind,dry,1.173,0.342,0.232,1,0,0.622,0
flop,early,semi_wet,0.692,0.726,0.331,0,2,0.463,0
river,early,dry,0.627,0.218,0.269,1,1,0.85,1
turn,late,semi_wet,1.088,0.371,0.406,2,1,0.527,1
flop,early,wet,2.23,0.772,0.148,0,1,0.804,0
flop,middle,dry,0.463,0.745,0.41,2,1,0.834,0
flop,early,semi_wet,2.169,0.349,0.436,2,1,0.761,0
flop,middle,dry,0.693,0.687,0.505,1,3,0.603,1
river,late,dry,1.15,0.5,0.415,1,1,0.852,1
river,middle,dry,2.282,0.556,0.114,0,2,0.755,0
turn,middle,dry,1.138,0.575,0.69,1,2,0.684,1
flop,middle,wet,0.808,0.548,0.035,1,0,0.453,0
river,late,wet,1.412,0.929,0.199,2,0,0.709,0
turn,early,semi_wet,0.865,0.785,0.773,1,0,0.615,1
flop,early,semi_wet,1.267,0.22,0.444,1,0,0.814,0
turn,early,wet,0.85,0.267,0.363,1,1,0.153,0
turn,blind,wet,1.528,0.657,0.122,1,0,0.829,0
turn,late,semi_wet,0.442,0.596,0.571,0,2,0.331,1
flop,early,dry,0.545,0.3,0.266,0,1,0.721,0
turn,middle,semi_wet,0.438,0.654,0.523,2,2,0.86,1
flop,middle,wet,0.922,0.648,0.488,1,1,0.879,0
flop,early,dry,0.41,0.732,0.396,1,2,0.902,0
flop,blind,semi_wet,0.65,0.441,0.707,1,1,0.892,0
river,blind,dry,0.517,0.726,0.45,1,0,0.568,0
flop,early,dry,2.146,0.898,0.345,1,1,0.608,1
turn,early,semi_wet,0.552,0.571,0.33,0,0,0.956,0
flop,middle,dry,0.469,0.391,0.561,3,0,0.731,1
river,late,wet,1.09,0.3,0.422,0,0,0.677,0
turn,blind,wet,2.405,0.746,0.344,1,1,0.641,0
river,middle,dry,0.892,0.207,0.389,3,1,0.234,1
flop,middle,wet,0.931,0.908,0.229,0,2,0.835,1
flop,early,wet,1.935,0.678,0.441,0,1,0.414,1
turn,early,semi_wet,1.542,0.887,0.3,0,1,0.394,1
flop,early,semi_wet,1.202,0.807,0.358,3,2,0.75,1
river,middle,wet,0.691,0.836,0.397,0,1,0.342,1
river,late,semi_wet,1.222,0.613,0.395,0,0,0.576,0
turn,early,dry,0.45,0.624,0.38,1,0,0.364,0
river,early,dry,0.675,0.78,0.546,3,2,0.604,0
turn,blind,dry,2.09,0.603,0.353,1,1,0.389,0
flop,blind,semi_wet,1.947,0.612,0.248,1,1,0.174,0
turn,late,dry,1.21,0.303,0.299,0,0,0.787,0
flop,late,semi_wet,0.329,0.537,0.234,3,0,0.646,0
river,late,semi_wet,0.489,0.193,0.339,1,1,0.754,0
flop,middle,wet,0.655,0.246,0.228,1,0,0.685,0
flop,early,semi_wet,0.866,0.811,0.564,1,0,0.878,0
turn,middle,wet,0.478,0.645,0.038,0,1,0.863,0
flop,late,wet,0.831,0.668,0.11,0,0,0.388,0
flop,late,dry,2.514,0.708,0.338,0,4,0.642,0
turn,late,semi_wet,1.186,0.792,0.223,0,0,0.968,0
flop,late,dry,1.073,0.641,0.339,1,1,0.826,0
turn,early,wet,0.544,0.312,0.282,0,0,0.351,0
flop,late,semi_wet,0.386,0.756,0.137,3,0,0.916,1
flop,blind,dry,0.484,0.474,0.252,1,0,0.405,0
flop,late,dry,0.378,0.861,0.218,2,1,0.604,0
river,late,semi_wet,0.991,0.473,0.182,2,2,0.579,1
river,early,wet,1.175,0.402,0.245,2,2,0.642,0
flop,blind,wet,0.559,0.796,0.446,4,2,0.567,1
river,middle,dry,1.032,0.664,0.177,2,0,0.801,0
turn,middle,dry,2.134,0.552,0.319,0,2,0.67,0
turn,middle,semi_wet,2.792,0.741,0.252,1,1,0.633,1
river,early,semi_wet,1.453,0.669,0.432,0,1,0.79,0
river,blind,dry,0.864,0.911,0.383,0,0,0.63,0
river,late,dry,1.428,0.507,0.4,0,0,0.653,0
turn,middle,wet,2.001,0.524,0.36,0,0,0.588,1
turn,blind,semi_wet,0.315,0.666,0.448,1,1,0.766,1
flop,early,semi_wet,2.149,0.481,0.441,2,1,0.415,0
flop,middle,semi_wet,0.705,0.754,0.424,3,0,0.246,1
turn,late,semi_wet,0.709,0.527,0.568,2,0,0.403,1
flop,early,semi_wet,0.783,0.57,0.259,1,3,0.377,0
flop,late,dry,1.134,0.825,0.491,1,0,0.554,0
flop,blind,dry,0.516,0.589,0.577,0,2,0.295,1
flop,late,wet,0.813,0.876,0.188,3,1,0.618,0
turn,early,wet,1.27,0.702,0.462,2,0,0.831,0
turn,late,semi_wet,1.073,0.634,0.102,0,1,0.544,1
turn,middle,dry,1.173,0.983,0.224,0,0,0.525,1
flop,late,dry,0.796,0.925,0.449,1,1,0.933,0
turn,late,dry,1.393,0.173,0.304,0,0,0.488,1
turn,early,wet,1.701,0.613,0.515,1,0,0.066,1
river,early,wet,1.645,0.834,0.499,4,2,0.674,0
turn,early,semi_wet,1.203,0.121,0.257,2,3,0.49,0
turn,early,wet,1.594,0.298,0.462,2,1,0.395,0
turn,middle,dry,1.536,0.378,0.645,0,0,0.934,0
river,early,semi_wet,3.0,0.301,0.249,1,0,0.56,1
river,blind,dry,1.859,0.642,0.304,1,2,0.821,1
turn,blind,dry,0.906,0.786,0.296,1,0,0.702,0
turn,early,wet,0.576,0.769,0.475,2,0,0.416,0
flop,middle,wet,0.824,0.623,0.715,0,0,0.66,0
river,late,dry,0.793,0.405,0.371,0,1,0.361,1
flop,late,dry,1.26,0.79,0.621,1,2,0.827,0
flop,late,semi_wet,0.647,0.598,0.358,1,0,0.741,0
river,blind,dry,1.833,0.682,0.252,3,2,0.429,0
river,late,semi_wet,0.443,0.859,0.136,0,2,0.81,1
flop,late,semi_wet,0.388,0.426,0.471,0,1,0.592,0
flop,late,dry,0.883,0.456,0.491,1,0,0.461,0
flop,late,dry,0.598,0.612,0.612,2,1,0.622,1
turn,middle,dry,0.476,0.556,0.362,2,2,0.663,0
flop,late,wet,0.67,0.807,0.537,0,2,0.783,0
river,blind,dry,0.626,0.418,0.219,0,1,0.703,1
river,middle,semi_wet,0.957,0.406,0.204,1,0,0.784,0
turn,early,dry,0.676,0.598,0.162,2,0,0.574,1
turn,late,semi_wet,0.707,0.583,0.153,0,2,0.823,1
flop,blind,dry,0.949,0.582,0.42,1,1,0.258,0
flop,blind,dry,1.662,0.56,0.068,3,1,0.731,1
river,late,semi_wet,2.136,0.737,0.318,1,0,0.609,1
flop,blind,semi_wet,1.032,0.594,0.525,2,1,0.811,0
flop,middle,dry,1.077,0.679,0.431,3,1,0.48,1
flop,middle,dry,0.86,0.612,0.421,2,0,0.427,0
flop,middle,wet,1.239,0.363,0.161,1,2,0.672,0
turn,middle,dry,1.179,0.893,0.529,2,0,0.834,1
river,late,dry,1.972,0.482,0.17,1,1,0.804,1
river,blind,semi_wet,0.337,0.67,0.235,3,5,0.834,0
turn,middle,dry,0.836,0.85,0.402,1,1,0.253,0
river,early,semi_wet,1.146,0.598,0.055,0,1,0.7,1
turn,blind,semi_wet,0.938,0.804,0.229,0,2,0.735,0
river,blind,semi_wet,0.567,0.588,0.006,0,0,0.724,0
turn,blind,semi_wet,0.465,0.677,0.332,4,0,0.389,0
flop,middle,semi_wet,1.482,0.402,0.541,2,0,0.567,1
river,late,wet,0.627,0.124,0.628,2,2,0.714,0
flop,late,dry,0.362,0.067,0.169,0,0,0.718,0
flop,blind,dry,1.524,0.619,0.255,1,0,0.621,1
flop,blind,semi_wet,1.224,0.486,0.207,2,1,0.279,0
turn,blind,dry,0.892,0.321,0.296,2,0,0.649,0
turn,middle,dry,0.575,0.739,0.373,1,2,0.607,1
turn,early,dry,0.894,0.85,0.195,3,1,0.596,0
river,early,semi_wet,1.856,0.849,0.358,2,0,0.682,1
flop,blind,dry,0.391,0.493,0.044,1,0,0.787,0
turn,blind,semi_wet,0.402,0.369,0.694,3,1,0.231,1
flop,early,wet,0.673,0.574,0.168,0,1,0.297,0
river,middle,semi_wet,0.937,0.764,0.207,1,0,0.686,0
flop,early,dry,0.724,0.861,0.705,2,1,0.487,0
flop,middle,wet,1.355,0.648,0.226,2,2,0.934,0
turn,late,dry,1.731,0.592,0.194,1,1,0.834,0
turn,late,wet,1.109,0.451,0.47,1,0,0.51,1
river,middle,semi_wet,1.295,0.83,0.492,1,0,0.791,0
turn,middle,dry,1.105,0.675,0.359,1,1,0.534,0
river,late,wet,0.956,0.666,0.375,1,1,0.737,0
turn,late,semi_wet,0.467,0.637,0.22,1,1,0.568,1
flop,early,semi_wet,0.54,0.29,0.288,0,1,0.552,1
flop,early,semi_wet,0.452,0.765,0.299,0,1,0.751,0
flop,middle,semi_wet,0.877,0.705,0.523,1,1,0.238,1
flop,middle,semi_wet,1.081,0.879,0.48,3,0,0.764,0
turn,blind,wet,0.429,0.799,0.084,1,2,0.546,1
turn,blind,dry,0.99,0.056,0.202,2,1,0.847,0
turn,late,semi_wet,0.588,0.911,0.254,4,0,0.375,1
turn,early,semi_wet,0.528,0.837,0.547,2,1,0.576,0
turn,early,semi_wet,0.674,0.741,0.47,3,1,0.874,0
turn,middle,semi_wet,0.514,0.6,0.405,1,0,0.375,0
flop,late,dry,1.328,0.792,0.241,2,1,0.76,0
flop,late,wet,0.867,0.714,0.47,1,1,0.679,0
turn,early,dry,1.489,0.525,0.324,0,2,0.282,0
turn,blind,dry,0.745,0.941,0.319,2,2,0.659,0
flop,middle,semi_wet,0.761,0.851,0.39,2,1,0.802,0
flop,late,dry,2.665,0.503,0.217,3,0,0.448,0
turn,early,dry,0.39,0.652,0.267,0,1,0.526,0
turn,blind,dry,1.928,0.202,0.285,1,0,0.353,0
flop,late,semi_wet,2.363,0.51,0.272,0,3,0.394,0
turn,early,wet,1.449,0.467,0.487,3,0,0.67,0
river,middle,semi_wet,0.793,0.709,0.179,2,4,0.577,1
flop,middle,dry,2.085,0.569,0.488,0,1,0.487,0
river,early,wet,0.797,0.621,0.765,2,1,0.345,0
flop,blind,dry,0.645,0.744,0.276,1,1,0.564,0
turn,blind,wet,0.768,0.97,0.133,2,1,0.794,1
turn,blind,semi_wet,0.695,0.487,0.198,2,0,0.853,0
flop,middle,dry,0.565,0.594,0.377,1,0,0.606,1
river,late,semi_wet,1.752,0.682,0.235,0,3,0.653,0
turn,middle,dry,0.622,0.743,0.178,3,1,0.486,0
river,middle,wet,0.936,0.609,0.144,2,1,0.591,0
flop,late,dry,0.43,0.602,0.7,1,3,0.442,1
river,middle,wet,0.967,0.746,0.38,1,0,0.831,1
river,blind,wet,0.504,0.237,0.564,0,4,0.858,1
turn,early,wet,0.497,0.592,0.613,1,2,0.477,0
flop,early,wet,0.896,0.32,0.15,1,1,0.558,0
turn,blind,dry,1.701,0.739,0.103,2,1,0.382,0
turn,blind,semi_wet,1.212,0.464,0.408,1,3,0.563,0
river,blind,wet,1.259,0.405,0.279,3,0,0.596,0
turn,middle,dry,0.886,0.634,0.228,0,2,0.818,0
flop,middle,dry,0.791,0.366,0.175,2,1,0.627,0
flop,early,dry,1.47,0.395,0.373,1,2,0.509,0
turn,middle,dry,0.698,0.178,0.097,0,0,0.724,0
river,late,wet,1.505,0.669,0.361,1,0,0.395,0
flop,middle,semi_wet,1.877,0.838,0.221,2,2,0.724,1
river,middle,semi_wet,0.599,0.974,0.423,1,0,0.715,0
river,early,wet,0.649,0.396,0.422,2,2,0.833,0
flop,middle,dry,0.705,0.762,0.223,1,2,0.669,0
flop,late,wet,0.425,0.443,0.383,2,1,0.167,1
turn,late,dry,0.735,0.259,0.357,1,0,0.833,0
turn,late,dry,1.946,0.634,0.388,0,2,0.21,1
flop,blind,dry,0.535,0.883,0.531,0,3,0.917,1
river,early,dry,1.972,0.307,0.364,3,2,0.532,0
turn,middle,semi_wet,0.749,0.567,0.238,0,0,0.837,0
river,late,semi_wet,3.0,0.491,0.599,1,2,0.808,0
river,middle,dry,0.654,0.678,0.414,1,1,0.815,0
river,blind,dry,0.879,0.844,0.324,0,1,0.848,0
turn,early,semi_wet,0.577,0.621,0.342,0,3,0.824,1
flop,early,dry,0.652,0.659,0.438,1,0,0.662,0
turn,middle,wet,1.986,0.592,0.379,1,1,0.482,1
flop,middle,wet,1.235,0.751,0.361,2,0,0.116,0
turn,blind,semi_wet,1.675,0.876,0.248,0,2,0.621,1
flop,middle,semi_wet,0.461,0.229,0.583,2,2,0.874,1
turn,middle,semi_wet,1.364,0.256,0.321,1,1,0.477,0
flop,early,semi_wet,0.557,0.457,0.275,1,0,0.737,0
flop,middle,wet,0.456,0.865,0.405,0,0,0.618,0
flop,late,wet,1.085,0.884,0.092,1,0,0.76,0
turn,late,semi_wet,1.079,0.702,0.326,2,2,0.706,0
river,late,semi_wet,0.98,0.145,0.394,2,2,0.531,0
flop,middle,wet,1.412,0.588,0.112,2,1,0.392,0
river,early,dry,1.538,0.679,0.478,2,0,0.232,1
river,early,semi_wet,2.135,0.542,0.349,2,1,0.594,0
flop,early,semi_wet,0.494,0.808,0.134,2,1,0.796,0
turn,late,semi_wet,2.173,0.356,0.138,1,1,0.199,0
turn,blind,dry,2.679,0.45,0.15,2,1,0.773,1
flop,blind,dry,0.778,0.039,0.514,0,0,0.591,0
turn,middle,dry,0.38,0.228,0.142,2,1,0.535,0
flop,early,semi_wet,0.444,0.656,0.402,1,0,0.682,0
river,late,wet,0.738,0.821,0.376,1,2,0.661,0
river,early,wet,2.88,0.765,0.164,1,3,0.843,0
river,late,dry,0.96,0.739,0.482,3,1,0.848,0
turn,middle,dry,0.677,0.63,0.285,1,0,0.473,0
turn,blind,wet,0.652,0.372,0.627,1,0,0.762,0
river,late,semi_wet,0.46,0.643,0.337,3,0,0.256,1
flop,late,semi_wet,1.539,0.857,0.391,0,1,0.88,0
flop,middle,dry,0.904,0.848,0.292,1,1,0.309,0
turn,blind,dry,3.0,0.602,0.537,0,1,0.702,0
flop,late,wet,1.344,0.811,0.068,0,1,0.72,0
flop,late,semi_wet,1.502,0.651,0.308,1,0,0.636,1
flop,middle,dry,0.833,0.57,0.532,0,1,0.422,0
turn,middle,wet,0.522,0.467,0.178,0,0,0.334,1
flop,blind,semi_wet,0.588,0.68,0.449,0,1,0.222,0
flop,middle,wet,0.448,0.741,0.558,0,1,0.314,0
flop,early,semi_wet,1.569,0.834,0.606,2,1,0.511,1
turn,middle,semi_wet,0.77,0.816,0.033,1,2,0.338,0
river,middle,wet,1.606,0.734,0.198,2,1,0.859,0
flop,middle,wet,1.025,0.595,0.111,0,0,0.532,0
turn,early,wet,0.81,0.85,0.143,1,0,0.411,0
river,early,wet,0.5,0.606,0.253,1,2,0.357,0
flop,middle,semi_wet,1.123,0.673,0.148,0,1,0.414,1
river,middle,dry,0.843,0.194,0.425,4,1,0.531,1
turn,early,dry,1.562,0.576,0.514,0,0,0.535,1
turn,middle,wet,0.642,0.67,0.437,1,1,0.639,0
flop,middle,dry,1.335,0.61,0.273,0,2,0.739,0
flop,early,wet,2.345,0.498,0.318,0,2,0.386,1
river,middle,wet,1.105,0.64,0.503,1,1,0.576,0
river,middle,wet,1.465,0.712,0.34,4,0,0.307,0
river,early,wet,1.303,0.105,0.267,2,1,0.524,0
river,blind,semi_wet,2.702,0.63,0.194,3,3,0.462,1
flop,early,semi_wet,1.167,0.443,0.366,0,3,0.451,0
river,late,wet,1.398,0.776,0.309,1,2,0.725,0
turn,late,dry,0.932,0.714,0.184,1,2,0.709,0
river,blind,dry,0.621,0.665,0.24,1,3,0.956,1
flop,late,wet,0.489,0.199,0.691,2,1,0.651,0
flop,late,semi_wet,1.909,0.78,0.306,0,1,0.7,1
river,blind,semi_wet,0.546,0.334,0.392,0,0,0.686,0
river,blind,dry,1.434,0.691,0.149,3,2,0.496,0
turn,early,semi_wet,1.196,0.696,0.167,0,1,0.792,1
flop,blind,wet,1.576,0.56,0.401,1,1,0.249,0
flop,middle,semi_wet,0.717,0.939,0.209,1,0,0.684,0
river,early,semi_wet,0.616,0.679,0.286,2,0,0.413,0
turn,late,semi_wet,1.171,0.834,0.01,0,2,0.181,0
turn,blind,wet,0.81,0.448,0.494,0,1,0.288,0
turn,early,wet,0.483,0.726,0.203,1,2,0.843,0
turn,early,semi_wet,2.763,0.277,0.439,1,1,0.303,1
turn,blind,semi_wet,0.616,0.196,0.082,1,2,0.485,0
turn,late,dry,0.551,0.66,0.236,0,2,0.534,0
river,early,semi_wet,0.833,0.577,0.185,0,1,0.36,0
river,blind,dry,1.895,0.552,0.22,1,1,0.618,1
river,middle,semi_wet,0.289,0.467,0.306,0,2,0.823,0
turn,middle,semi_wet,1.81,0.304,0.179,1,1,0.903,1
turn,middle,dry,0.576,0.894,0.1,2,0,0.395,0
river,late,dry,1.1,0.451,0.572,0,1,0.526,1
river,early,dry,0.656,0.835,0.197,0,0,0.597,0
turn,middle,dry,2.845,0.943,0.439,1,1,0.401,1
turn,middle,semi_wet,1.019,0.742,0.27,1,0,0.18,1
river,early,dry,0.644,0.711,0.345,0,0,0.434,1
turn,blind,dry,0.806,0.84,0.159,0,1,0.758,0
river,early,wet,0.999,0.872,0.774,2,1,0.257,1
flop,blind,dry,1.049,0.898,0.211,0,0,0.794,0
turn,early,wet,1.211,0.805,0.294,1,0,0.756,0
turn,middle,semi_wet,0.95,0.92,0.423,1,0,0.523,0
flop,early,semi_wet,0.446,0.611,0.339,1,1,0.684,0
river,middle,semi_wet,0.789,0.344,0.421,0,1,0.693,1
turn,late,dry,1.328,0.453,0.035,1,5,0.387,0
flop,early,wet,0.658,0.841,0.402,0,2,0.606,0
river,late,wet,1.377,0.592,0.44,0,0,0.477,0
river,blind,dry,0.968,0.796,0.299,2,1,0.708,1
river,middle,wet,0.844,0.095,0.344,0,2,0.338,0
turn,early,semi_wet,1.835,0.867,0.231,1,1,0.433,0
river,late,wet,0.366,0.523,0.143,0,2,0.577,0
turn,early,wet,0.656,0.842,0.407,1,2,0.522,0
turn,early,dry,1.874,0.512,0.51,0,0,0.503,0
flop,middle,wet,2.603,0.321,0.228,1,0,0.246,1
turn,middle,wet,3.0,0.493,0.374,1,4,0.484,0
river,early,semi_wet,0.978,0.498,0.226,0,0,0.484,0
turn,blind,dry,1.224,0.522,0.316,0,0,0.683,0
turn,late,wet,1.491,0.455,0.51,5,2,0.87,1
river,blind,semi_wet,1.918,0.879,0.184,1,0,0.792,0
turn,middle,dry,1.13,0.701,0.239,1,1,0.769,1
flop,middle,wet,1.583,0.554,0.542,1,0,0.904,1
river,blind,semi_wet,1.225,0.27,0.226,2,3,0.378,1
river,early,wet,1.268,0.539,0.206,1,0,0.352,0
river,middle,semi_wet,0.574,0.266,0.19,2,3,0.79,1
river,blind,dry,0.794,0.215,0.608,1,1,0.642,0
river,middle,wet,0.714,0.924,0.355,1,4,0.151,0
river,blind,semi_wet,0.495,0.643,0.235,0,2,0.681,0
turn,middle,semi_wet,0.384,0.504,0.097,0,0,0.321,0
flop,middle,semi_wet,0.754,0.819,0.287,1,0,0.53,0
turn,blind,dry,0.823,0.687,0.5,5,2,0.618,0
river,early,semi_wet,1.008,0.3,0.134,1,1,0.298,1
turn,blind,semi_wet,1.291,0.815,0.464,0,1,0.313,0
river,early,wet,1.055,0.273,0.408,0,0,0.504,1
flop,middle,wet,0.826,0.328,0.084,2,0,0.708,0
turn,late,wet,0.575,0.42,0.184,4,0,0.606,1
turn,late,dry,1.541,0.661,0.554,1,0,0.208,1
turn,blind,semi_wet,0.899,0.573,0.271,0,1,0.523,0
flop,blind,dry,0.749,0.205,0.107,2,2,0.38,0
flop,late,wet,0.859,0.844,0.121,0,1,0.847,0
river,late,semi_wet,0.636,0.485,0.517,1,2,0.574,0
turn,middle,wet,0.71,0.639,0.757,3,1,0.946,0
flop,blind,dry,0.698,0.801,0.204,1,2,0.458,0
flop,late,dry,0.812,0.682,0.072,1,0,0.712,0
turn,early,wet,1.364,0.487,0.365,2,1,0.722,0
flop,blind,semi_wet,1.19,0.922,0.152,0,1,0.64,0
river,middle,wet,2.227,0.334,0.396,1,2,0.817,0
river,middle,wet,1.852,0.245,0.305,0,1,0.702,0
flop,middle,semi_wet,2.79,0.49,0.093,3,1,0.709,0
turn,blind,semi_wet,1.294,0.712,0.244,1,2,0.588,0
flop,middle,semi_wet,1.282,0.746,0.245,0,3,0.465,0
flop,middle,wet,0.728,0.864,0.283,2,1,0.58,0
river,early,wet,1.498,0.686,0.241,1,1,0.793,0
turn,middle,dry,0.663,0.731,0.342,0,1,0.545,0
river,early,semi_wet,0.424,0.608,0.389,0,0,0.43,0
flop,late,dry,2.202,0.42,0.542,0,2,0.715,0
flop,blind,semi_wet,0.479,0.636,0.404,0,0,0.686,0
turn,middle,wet,1.211,0.116,0.503,0,3,0.588,0
turn,blind,wet,0.586,0.648,0.218,0,0,0.7,0
river,blind,semi_wet,1.768,0.492,0.095,1,3,0.646,0
flop,early,dry,1.905,0.286,0.667,0,1,0.648,0
river,late,dry,1.273,0.686,0.276,2,2,0.383,1
river,late,dry,1.888,0.366,0.126,1,0,0.506,0
turn,middle,dry,0.955,0.771,0.151,1,1,0.704,1
flop,blind,wet,3.0,0.734,0.138,1,1,0.575,0
turn,middle,semi_wet,1.434,0.378,0.332,0,2,0.672,0
flop,early,dry,0.58,0.885,0.262,1,0,0.202,0
river,late,semi_wet,0.988,0.55,0.495,1,1,0.686,1
turn,early,dry,0.875,0.286,0.514,1,0,0.762,1
river,middle,dry,0.829,0.833,0.394,1,2,0.657,0
turn,late,wet,0.382,0.817,0.53,1,2,0.844,0
turn,late,dry,1.177,0.795,0.432,0,2,0.438,0
river,middle,semi_wet,0.444,0.774,0.292,1,0,0.341,0
turn,middle,semi_wet,0.237,0.725,0.171,2,1,0.419,0
river,early,dry,0.787,0.784,0.306,1,0,0.88,0
flop,middle,dry,0.628,0.525,0.378,1,1,0.812,0
river,late,dry,0.592,0.806,0.427,1,1,0.888,0
river,late,dry,0.173,0.818,0.134,0,0,0.471,0
river,middle,wet,0.596,0.433,0.236,2,1,0.46,0
turn,early,semi_wet,0.865,0.824,0.248,0,0,0.731,0
river,late,semi_wet,0.671,0.589,0.357,2,0,0.912,0
flop,late,dry,1.177,0.805,0.26,1,0,0.486,0
river,early,wet,2.046,0.204,0.564,1,1,0.841,0
flop,late,dry,1.264,0.761,0.315,2,2,0.494,0
flop,early,wet,1.673,0.341,0.427,0,1,0.565,0
turn,middle,dry,1.751,0.639,0.561,3,3,0.702,0
flop,late,wet,0.543,0.5,0.665,1,1,0.399,1
turn,late,dry,1.211,0.68,0.519,2,0,0.729,0
river,late,dry,1.644,0.793,0.196,0,0,0.785,0
flop,blind,semi_wet,0.748,0.677,0.431,1,2,0.459,1
river,early,dry,0.616,0.668,0.016,1,1,0.758,0
flop,blind,wet,1.273,0.514,0.253,0,3,0.561,0
river,middle,semi_wet,0.421,0.838,0.194,1,1,0.824,1
river,middle,semi_wet,0.523,0.327,0.366,0,1,0.704,0
turn,blind,dry,0.659,0.729,0.079,1,1,0.642,0
river,middle,semi_wet,1.219,0.583,0.167,2,0,0.336,0
river,early,dry,1.073,0.336,0.218,0,2,0.335,1
river,late,wet,1.678,0.441,0.152,1,0,0.682,0
turn,late,semi_wet,0.573,0.687,0.31,2,2,0.713,0
turn,late,semi_wet,0.556,0.398,0.243,1,3,0.487,0
river,early,wet,1.269,0.681,0.322,0,1,0.82,0
flop,late,semi_wet,0.613,0.599,0.242,0,0,0.9,0
river,early,semi_wet,0.683,0.209,0.403,1,2,0.525,1
flop,late,dry,0.343,0.959,0.142,1,1,0.503,0
river,late,semi_wet,1.116,0.67,0.411,1,2,0.898,1
flop,blind,dry,2.22,0.437,0.224,4,0,0.479,1
flop,blind,dry,0.54,0.612,0.575,0,3,0.255,1
river,early,wet,1.669,0.339,0.152,1,0,0.697,0
river,early,dry,0.921,0.221,0.228,1,0,0.862,0
river,late,semi_wet,0.36,0.5,0.298,0,1,0.741,0
river,blind,dry,0.582,0.522,0.71,0,1,0.778,0
turn,early,semi_wet,0.562,0.529,0.366,2,2,0.924,1
flop,middle,wet,0.799,0.807,0.644,0,0,0.779,0
flop,middle,dry,1.198,0.255,0.457,4,0,0.823,0
turn,middle,semi_wet,2.63,0.689,0.345,2,2,0.574,0
flop,late,semi_wet,0.433,0.954,0.206,0,1,0.643,0
river,middle,wet,0.729,0.323,0.267,2,1,0.279,0
flop,middle,dry,0.581,0.675,0.373,1,0,0.748,0
flop,blind,wet,0.474,0.421,0.316,2,2,0.381,0
flop,middle,semi_wet,1.002,0.582,0.308,4,1,0.736,0
flop,early,semi_wet,0.952,0.226,0.482,0,2,0.284,1
flop,blind,dry,0.351,0.761,0.317,0,0,0.879,0
turn,middle,dry,0.961,0.714,0.164,1,1,0.888,0
flop,blind,semi_wet,0.49,0.648,0.211,2,0,0.831,0
turn,blind,dry,0.957,0.55,0.366,1,0,0.829,0
river,late,semi_wet,1.912,0.621,0.08,0,1,0.531,0
turn,early,semi_wet,1.227,0.805,0.47,0,3,0.677,1
turn,blind,semi_wet,1.049,0.888,0.074,0,0,0.599,0
turn,late,dry,0.711,0.533,0.448,4,2,0.661,1
flop,middle,dry,0.987,0.276,0.146,1,2,0.641,1
flop,blind,semi_wet,1.297,0.363,0.567,0,4,0.909,0
river,blind,semi_wet,1.228,0.363,0.444,0,1,0.661,0
turn,blind,wet,0.901,0.788,0.176,1,0,0.26,1
flop,early,semi_wet,1.072,0.898,0.556,1,0,0.867,0
turn,late,semi_wet,0.461,0.244,0.524,2,2,0.744,1
river,middle,dry,0.635,0.52,0.788,1,2,0.464,0
turn,early,wet,1.404,0.233,0.213,1,0,0.568,1
turn,middle,dry,1.512,0.92,0.282,0,1,0.54,0
river,early,dry,1.001,0.245,0.377,0,1,0.374,1
turn,early,dry,2.146,0.774,0.081,2,0,0.649,0
turn,late,dry,1.258,0.723,0.415,1,0,0.752,0
flop,late,wet,0.837,0.186,0.267,0,0,0.45,0
flop,middle,dry,0.486,0.322,0.596,1,1,0.239,0
river,early,dry,2.099,0.524,0.363,0,4,0.838,1
turn,blind,dry,1.453,0.545,0.123,0,0,0.417,0
turn,late,wet,2.558,0.697,0.447,2,0,0.96,1
turn,late,wet,3.0,0.559,0.068,0,3,0.41,1
flop,early,wet,0.469,0.408,0.293,3,0,0.748,0
river,early,wet,0.469,0.504,0.179,1,0,0.565,1
flop,early,wet,0.197,0.521,0.354,0,1,0.385,0
river,early,semi_wet,1.576,0.604,0.184,0,3,0.671,0
turn,blind,dry,1.365,0.508,0.663,0,1,0.826,0
flop,middle,dry,1.004,0.057,0.091,0,1,0.716,0
flop,late,dry,0.485,0.654,0.304,4,0,0.323,0
river,blind,semi_wet,0.906,0.635,0.327,0,0,0.925,0
flop,blind,dry,1.053,0.58,0.398,1,0,0.88,0
flop,middle,dry,1.463,0.793,0.265,1,0,0.837,0
river,middle,semi_wet,1.105,0.546,0.451,1,4,0.555,1
turn,middle,dry,1.37,0.786,0.27,2,1,0.451,0
turn,early,dry,0.888,0.742,0.446,1,0,0.432,0
flop,blind,dry,1.822,0.736,0.706,0,2,0.388,0
river,late,semi_wet,1.346,0.732,0.526,1,2,0.606,0
flop,middle,dry,0.495,0.959,0.254,2,0,0.095,0
flop,late,dry,2.042,0.843,0.136,2,0,0.647,1
flop,late,dry,1.866,0.335,0.874,0,5,0.538,1
flop,early,wet,1.229,0.73,0.446,3,0,0.594,1
flop,late,dry,1.11,0.819,0.196,1,0,0.473,0
flop,blind,dry,2.368,0.337,0.491,1,2,0.673,0
flop,late,wet,0.387,0.212,0.757,2,0,0.614,0
turn,late,wet,1.883,0.553,0.41,0,3,0.387,1
river,early,dry,0.732,0.589,0.253,2,1,0.632,0
flop,late,dry,1.737,0.556,0.228,3,0,0.594,1
flop,blind,dry,1.016,0.741,0.627,1,0,0.923,0
river,middle,semi_wet,0.48,0.567,0.143,0,1,0.454,0
river,late,dry,0.724,0.926,0.216,0,1,0.807,0
turn,late,wet,1.669,0.209,0.527,1,1,0.649,1
flop,early,wet,0.847,0.609,0.398,0,2,0.201,1
turn,middle,semi_wet,0.676,0.805,0.501,1,3,0.415,0
flop,blind,dry,0.673,0.937,0.338,0,1,0.75,0
flop,blind,wet,1.354,0.582,0.577,1,1,0.37,0
turn,middle,semi_wet,2.491,0.58,0.262,2,1,0.893,0
turn,middle,wet,0.293,0.516,0.335,2,1,0.635,0
turn,blind,dry,3.0,0.886,0.388,0,0,0.429,1
turn,early,semi_wet,1.064,0.625,0.306,1,2,0.791,0
flop,middle,wet,1.309,0.448,0.401,1,0,0.466,0
flop,early,wet,0.748,0.614,0.491,2,0,0.837,0
river,early,semi_wet,0.949,0.927,0.242,2,1,0.576,1
river,late,semi_wet,1.057,0.752,0.719,1,0,0.601,0
flop,middle,semi_wet,0.534,0.469,0.52,0,1,0.853,0
turn,blind,semi_wet,0.611,0.663,0.328,0,1,0.238,1
flop,blind,wet,1.825,0.436,0.651,2,1,0.849,0
flop,blind,semi_wet,0.405,0.713,0.771,1,1,0.636,0
river,late,dry,1.212,0.905,0.164,1,1,0.408,0
flop,late,dry,0.776,0.705,0.627,0,0,0.469,0
turn,late,semi_wet,0.561,0.536,0.067,0,2,0.853,0
turn,blind,wet,2.814,0.88,0.284,1,1,0.781,0
flop,early,dry,0.563,0.724,0.34,3,0,0.592,1
flop,late,dry,0.511,0.611,0.582,0,2,0.703,0
flop,early,wet,0.858,0.695,0.091,0,1,0.529,0
river,middle,semi_wet,0.623,0.077,0.315,0,1,0.947,0
turn,middle,dry,0.955,0.86,0.61,1,1,0.966,0
turn,late,dry,1.036,0.432,0.346,4,2,0.393,0
flop,blind,semi_wet,1.082,0.853,0.082,1,1,0.512,1
turn,early,dry,0.889,0.894,0.277,0,1,0.892,0
flop,late,semi_wet,0.646,0.663,0.575,0,2,0.828,0
turn,early,semi_wet,1.355,0.625,0.318,2,0,0.74,1
river,early,semi_wet,0.895,0.465,0.307,2,0,0.854,0
turn,middle,semi_wet,0.724,0.528,0.535,3,2,0.453,1
flop,late,dry,2.147,0.477,0.548,2,3,0.792,0
flop,early,dry,0.89,0.564,0.193,2,0,0.591,0
flop,middle,dry,1.734,0.602,0.222,1,1,0.846,0
turn,blind,dry,1.868,0.614,0.151,0,0,0.27,0
river,middle,semi_wet,1.931,0.392,0.427,1,3,0.438,0
flop,blind,dry,1.391,0.387,0.223,1,0,0.483,0
turn,blind,semi_wet,0.951,0.344,0.043,0,3,0.48,0
turn,middle,dry,0.918,0.811,0.047,1,2,0.861,0
flop,late,dry,0.832,0.749,0.57,1,0,0.129,0
flop,late,dry,0.289,0.519,0.329,1,2,0.744,0
flop,middle,semi_wet,1.412,0.788,0.188,1,1,0.736,0
turn,middle,semi_wet,1.088,0.835,0.302,1,1,0.849,1
turn,middle,wet,1.498,0.682,0.464,1,2,0.78,0
river,early,dry,0.892,0.718,0.259,0,0,0.765,0
river,early,semi_wet,1.371,0.907,0.492,0,1,0.764,1
river,middle,wet,0.446,0.757,0.435,0,2,0.493,0
river,blind,dry,0.5,0.444,0.393,2,0,0.554,1
river,early,dry,0.244,0.376,0.29,0,0,0.574,0
river,early,dry,0.883,0.847,0.205,0,0,0.77,0
river,middle,dry,0.622,0.833,0.23,1,4,0.771,0
river,late,wet,0.579,0.179,0.387,0,1,0.716,1
river,early,dry,1.143,0.64,0.739,1,0,0.26,0
river,early,semi_wet,0.753,0.792,0.466,0,1,0.709,1
turn,early,wet,0.432,0.483,0.328,3,3,0.407,0
turn,middle,dry,3.0,0.836,0.481,2,0,0.408,0
turn,early,semi_wet,0.932,0.676,0.417,0,0,0.689,0
river,blind,dry,0.524,0.88,0.143,3,2,0.373,0
turn,blind,semi_wet,0.658,0.8,0.189,1,0,0.492,1
river,middle,dry,0.865,0.636,0.052,1,1,0.311,0
river,early,dry,0.864,0.902,0.508,3,2,0.528,1
river,early,dry,1.947,0.139,0.241,0,1,0.519,0
flop,middle,semi_wet,0.911,0.83,0.295,0,1,0.706,1
river,middle,semi_wet,2.639,0.691,0.226,1,2,0.509,1
river,late,semi_wet,0.75,0.847,0.276,2,2,0.522,1
river,middle,dry,1.203,0.663,0.348,1,1,0.742,0
river,middle,wet,1.669,0.736,0.342,2,2,0.328,0
turn,middle,dry,1.836,0.458,0.276,1,0,0.705,1
turn,late,wet,1.957,0.591,0.345,1,1,0.868,0
flop,late,semi_wet,0.819,0.545,0.172,1,2,0.711,0
river,early,semi_wet,0.948,0.216,0.068,2,0,0.545,0
flop,middle,semi_wet,0.243,0.884,0.303,0,2,0.71,0
river,late,wet,0.854,0.874,0.238,1,1,0.513,1
river,late,semi_wet,1.734,0.688,0.187,0,1,0.573,0
turn,late,dry,1.558,0.237,0.211,2,0,0.401,1
flop,late,wet,0.907,0.53,0.167,2,1,0.532,1
flop,late,dry,2.422,0.6,0.33,1,0,0.91,0
river,middle,semi_wet,0.77,0.229,0.431,0,4,0.367,1
turn,late,semi_wet,0.642,0.56,0.529,1,1,0.408,0
flop,middle,wet,0.735,0.612,0.468,3,3,0.5,0
river,middle,semi_wet,0.513,0.931,0.273,2,1,0.269,1
flop,early,dry,1.34,0.814,0.231,1,0,0.762,0
river,middle,semi_wet,1.115,0.124,0.154,3,2,0.578,0
flop,early,dry,1.33,0.987,0.298,2,2,0.618,0
flop,early,semi_wet,0.757,0.753,0.347,2,1,0.864,0
flop,middle,semi_wet,0.921,0.5,0.453,2,1,0.627,1
turn,late,wet,0.287,0.718,0.258,1,1,0.495,0
turn,blind,dry,1.17,0.452,0.506,2,1,0.053,1
river,early,dry,1.004,0.166,0.155,0,2,0.54,0
turn,blind,semi_wet,0.519,0.336,0.448,0,0,0.611,0
flop,middle,dry,0.898,0.392,0.254,0,3,0.587,1
flop,late,dry,0.825,0.685,0.406,0,2,0.785,1
flop,late,dry,2.51,0.251,0.116,1,1,0.382,0
river,blind,semi_wet,0.531,0.72,0.558,3,2,0.61,1
flop,early,dry,1.141,0.791,0.636,0,2,0.679,0
river,blind,semi_wet,0.522,0.682,0.433,3,0,0.683,0
flop,early,wet,0.7,0.519,0.437,1,0,0.104,0
flop,blind,semi_wet,1.108,0.466,0.113,2,0,0.629,0
flop,late,dry,0.847,0.494,0.499,0,1,0.579,1
flop,middle,dry,0.948,0.791,0.106,1,1,0.152,0
river,middle,dry,1.142,0.713,0.183,2,0,0.345,0
turn,early,semi_wet,0.725,0.769,0.375,0,2,0.545,0
flop,blind,semi_wet,1.547,0.98,0.431,2,2,0.444,1
turn,late,dry,0.804,0.518,0.541,0,1,0.633,1
turn,blind,dry,0.902,0.408,0.236,0,2,0.389,0
river,late,dry,1.16,0.777,0.119,3,1,0.604,1
river,blind,dry,1.078,0.541,0.246,2,2,0.286,0
turn,blind,wet,1.356,0.403,0.341,1,0,0.731,0
river,middle,dry,1.132,0.547,0.137,0,2,0.727,0
river,late,dry,1.231,0.69,0.497,0,0,0.449,0
turn,middle,dry,0.795,0.763,0.179,3,2,0.723,0
river,blind,dry,0.528,0.233,0.422,0,1,0.617,0
flop,late,dry,0.434,0.676,0.683,0,1,0.683,0
river,middle,semi_wet,0.38,0.836,0.415,2,0,0.905,0
river,late,dry,2.508,0.475,0.473,1,0,0.769,0
flop,middle,dry,0.282,0.636,0.175,0,1,0.311,0
river,late,semi_wet,1.834,0.64,0.312,0,1,0.61,1
river,middle,semi_wet,0.606,0.444,0.279,0,0,0.86,0
flop,middle,dry,1.827,0.502,0.694,3,0,0.746,1
turn,blind,wet,0.283,0.567,0.397,1,0,0.41,0
river,early,dry,0.836,0.465,0.252,0,1,0.682,0
river,blind,wet,2.116,0.377,0.099,1,0,0.172,0
flop,early,wet,1.408,0.871,0.513,0,2,0.637,1
flop,early,semi_wet,0.79,0.802,0.255,3,1,0.419,0
turn,early,dry,0.327,0.704,0.39,1,0,0.604,0
flop,early,wet,0.46,0.674,0.637,0,0,0.371,1
flop,early,dry,2.042,0.384,0.274,3,2,0.511,0
flop,blind,dry,0.785,0.466,0.383,1,2,0.564,0
flop,blind,semi_wet,0.914,0.203,0.457,1,0,0.552,1
turn,late,semi_wet,1.112,0.492,0.101,0,3,0.782,0
turn,early,wet,0.465,0.436,0.099,1,3,0.446,0
turn,blind,semi_wet,1.19,0.713,0.167,1,1,0.438,0
river,late,wet,0.755,0.525,0.341,2,0,0.77,0
turn,late,semi_wet,1.118,0.763,0.236,0,2,0.319,1
flop,blind,semi_wet,0.692,0.437,0.084,0,2,0.21,0
flop,middle,semi_wet,0.4,0.679,0.419,2,2,0.321,1
flop,middle,wet,0.752,0.491,0.34,1,2,0.776,0
flop,blind,wet,1.353,0.61,0.426,3,1,0.506,0
flop,late,wet,1.181,0.698,0.41,2,0,0.734,1
flop,late,wet,0.968,0.936,0.129,2,1,0.779,0
flop,late,semi_wet,1.559,0.808,0.201,0,1,0.864,0
turn,blind,dry,0.85,0.852,0.312,1,0,0.456,0
turn,middle,wet,0.981,0.608,0.353,0,0,0.201,1
river,early,dry,0.731,0.766,0.342,0,2,0.661,0
river,middle,dry,1.61,0.439,0.119,0,2,0.821,0
turn,late,semi_wet,1.117,0.81,0.382,2,2,0.629,1
flop,blind,semi_wet,0.7,0.675,0.156,1,0,0.814,0
turn,middle,semi_wet,0.419,0.761,0.398,2,2,0.256,0
flop,late,dry,1.747,0.587,0.299,1,0,0.808,0
turn,blind,dry,0.632,0.659,0.136,1,2,0.728,0
turn,blind,dry,0.99,0.507,0.15,0,1,0.481,1
turn,blind,dry,3.0,0.493,0.425,0,1,0.27,1
flop,blind,dry,1.478,0.394,0.495,0,1,0.763,0
turn,late,semi_wet,2.307,0.622,0.278,1,0,0.568,0
river,middle,dry,0.708,0.551,0.336,0,1,0.405,0
river,middle,dry,1.714,0.822,0.188,0,1,0.323,0
turn,late,dry,0.965,0.21,0.373,0,0,0.37,0
turn,early,semi_wet,1.163,0.891,0.77,0,2,0.825,0
flop,late,wet,2.891,0.176,0.399,0,0,0.363,0
river,late,dry,0.816,0.201,0.519,1,2,0.306,1
turn,late,dry,0.961,0.208,0.128,3,1,0.538,1
flop,middle,semi_wet,0.579,0.7,0.326,0,1,0.604,0
flop,late,dry,1.551,0.067,0.148,1,0,0.623,0
river,early,wet,0.699,0.503,0.095,1,1,0.845,0
turn,late,wet,1.669,0.699,0.186,2,2,0.679,0
turn,blind,semi_wet,0.384,0.814,0.571,3,1,0.385,0
turn,blind,wet,1.286,0.296,0.238,0,0,0.742,0
turn,blind,semi_wet,0.668,0.928,0.216,0,4,0.311,1
turn,middle,semi_wet,1.422,0.493,0.274,5,0,0.085,0
flop,early,dry,0.944,0.263,0.315,1,2,0.337,0
turn,late,dry,0.709,0.643,0.241,3,1,0.739,0
turn,early,dry,0.769,0.738,0.307,0,2,0.887,0
flop,middle,semi_wet,0.596,0.484,0.596,1,1,0.885,0
river,late,semi_wet,1.508,0.37,0.425,2,1,0.895,0
flop,late,dry,0.534,0.532,0.376,1,1,0.932,0
turn,late,semi_wet,0.821,0.88,0.799,0,0,0.623,0
turn,blind,dry,1.15,0.6,0.285,1,2,0.733,1
turn,early,dry,2.31,0.601,0.404,0,3,0.948,1
turn,blind,dry,0.946,0.777,0.511,1,1,0.711,1
river,late,semi_wet,0.832,0.657,0.577,0,1,0.379,0
turn,middle,semi_wet,1.106,0.61,0.457,1,0,0.32,0
river,middle,semi_wet,0.304,0.671,0.351,1,1,0.362,1
river,late,dry,0.492,0.552,0.412,3,0,0.526,0
flop,late,semi_wet,0.774,0.783,0.367,3,1,0.774,0
flop,middle,wet,0.643,0.65,0.12,3,2,0.186,1
turn,early,dry,0.394,0.439,0.28,1,3,0.907,1
flop,early,semi_wet,1.525,0.599,0.583,1,4,0.877,0
turn,middle,dry,1.097,0.817,0.54,1,1,0.381,0
turn,middle,dry,1.028,0.435,0.392,1,0,0.851,1
turn,late,semi_wet,0.649,0.852,0.552,3,2,0.314,0
flop,blind,dry,0.994,0.616,0.296,0,1,0.517,0
river,early,semi_wet,1.262,0.666,0.198,0,0,0.483,0
turn,middle,wet,0.822,0.671,0.251,0,3,0.667,0
river,early,dry,1.215,0.831,0.507,1,0,0.567,0
flop,blind,dry,0.614,0.694,0.273,1,1,0.673,0
turn,late,wet,1.004,0.761,0.442,0,0,0.926,0
flop,early,semi_wet,1.783,0.52,0.262,2,1,0.787,0
turn,middle,wet,1.873,0.575,0.075,0,0,0.716,0
flop,late,dry,1.974,0.511,0.091,0,0,0.389,1
river,blind,semi_wet,1.113,0.749,0.037,0,1,0.844,0
flop,late,wet,0.968,0.81,0.418,2,0,0.56,0
turn,middle,dry,0.743,0.509,0.169,1,0,0.802,1
flop,late,wet,0.352,0.271,0.168,5,0,0.548,0
turn,late,semi_wet,0.454,0.667,0.684,2,1,0.451,0
turn,late,wet,0.867,0.817,0.284,1,1,0.674,1
turn,early,dry,0.896,0.928,0.203,0,0,0.834,0
flop,late,semi_wet,2.068,0.55,0.184,1,0,0.749,1
flop,early,dry,1.96,0.751,0.521,1,0,0.655,1
flop,blind,wet,0.652,0.563,0.23,5,0,0.125,1
river,blind,dry,1.492,0.625,0.357,1,1,0.914,1
turn,late,dry,0.732,0.358,0.347,0,1,0.891,0
flop,late,wet,1.385,0.472,0.486,1,0,0.661,0
river,early,dry,1.482,0.399,0.326,2,0,0.466,0
flop,blind,semi_wet,1.884,0.446,0.292,0,0,0.705,0
turn,middle,dry,0.725,0.22,0.241,4,1,0.339,1
river,middle,semi_wet,1.662,0.703,0.12,1,0,0.469,0
river,late,dry,0.34,0.774,0.368,3,0,0.412,1
river,blind,semi_wet,1.94,0.832,0.222,1,0,0.88,0
turn,middle,semi_wet,0.938,0.729,0.688,1,0,0.586,0
river,late,dry,0.949,0.426,0.374,1,2,0.405,1
flop,late,dry,0.31,0.648,0.624,0,0,0.566,0
river,middle,dry,0.768,0.461,0.287,0,0,0.863,0
river,late,semi_wet,2.005,0.849,0.314,1,2,0.331,1
river,blind,dry,0.752,0.881,0.24,0,0,0.665,0
flop,middle,dry,1.408,0.292,0.695,1,1,0.472,1
flop,blind,dry,0.969,0.273,0.353,1,2,0.395,1
turn,blind,semi_wet,1.707,0.559,0.165,2,1,0.426,0
turn,blind,semi_wet,1.057,0.87,0.395,4,1,0.685,1
turn,late,semi_wet,0.57,0.733,0.346,0,1,0.532,1
river,blind,wet,0.981,0.8,0.158,2,2,0.967,0
turn,late,semi_wet,2.295,0.599,0.535,2,1,0.583,1
flop,blind,wet,1.251,0.45,0.232,2,1,0.634,0
turn,late,semi_wet,0.892,0.751,0.437,3,0,0.619,0
flop,blind,dry,3.0,0.576,0.352,3,0,0.71,0
flop,blind,wet,1.8,0.219,0.183,2,0,0.778,0
flop,blind,wet,1.491,0.709,0.399,2,1,0.488,1
river,late,semi_wet,1.133,0.262,0.622,2,0,0.69,0
river,late,dry,1.421,0.677,0.545,1,0,0.479,1
turn,blind,dry,1.447,0.285,0.467,0,1,0.558,1
turn,middle,semi_wet,0.286,0.731,0.182,0,3,0.684,0
turn,early,semi_wet,1.182,0.875,0.449,3,2,0.373,1
river,blind,semi_wet,0.871,0.512,0.6,0,3,0.743,1
river,late,dry,0.723,0.484,0.233,0,1,0.839,0
turn,middle,semi_wet,0.854,0.665,0.251,0,2,0.682,0
river,late,dry,0.404,0.564,0.518,3,2,0.731,1
turn,early,dry,0.353,0.683,0.283,0,1,0.435,0
turn,middle,dry,1.888,0.92,0.275,2,0,0.511,0
river,middle,wet,1.227,0.609,0.432,2,0,0.489,0
turn,middle,semi_wet,0.252,0.235,0.421,1,0,0.457,0
turn,blind,wet,0.693,0.662,0.172,3,1,0.861,0
flop,late,semi_wet,1.544,0.354,0.329,0,3,0.39,0
turn,early,wet,0.815,0.354,0.277,1,2,0.344,0
turn,middle,semi_wet,1.887,0.513,0.239,2,0,0.474,0
turn,early,wet,1.694,0.888,0.319,0,0,0.829,0
turn,blind,wet,0.451,0.647,0.404,2,0,0.779,0
flop,middle,semi_wet,0.879,0.58,0.207,2,2,0.697,0
river,middle,dry,0.743,0.674,0.197,0,0,0.533,0
flop,middle,semi_wet,0.443,0.453,0.079,1,2,0.779,0
river,early,dry,0.427,0.531,0.623,0,1,0.391,0
flop,blind,dry,0.611,0.311,0.609,1,2,0.867,0
turn,late,semi_wet,0.669,0.68,0.376,3,0,0.454,0
turn,middle,wet,1.112,0.765,0.783,1,1,0.685,0
river,middle,dry,1.689,0.267,0.364,2,0,0.479,1
flop,late,dry,1.262,0.705,0.055,0,1,0.182,1
river,early,wet,1.437,0.488,0.413,1,2,0.823,0
turn,blind,dry,0.821,0.359,0.309,2,0,0.195,0
turn,late,dry,1.325,0.595,0.21,0,0,0.765,0
turn,early,semi_wet,0.877,0.615,0.516,3,0,0.498,1
flop,late,wet,0.746,0.548,0.172,0,2,0.631,0
turn,blind,semi_wet,2.7,0.891,0.378,2,3,0.167,1
flop,early,semi_wet,0.264,0.363,0.127,1,1,0.761,0
flop,late,dry,0.339,0.315,0.292,4,1,0.398,1
turn,late,dry,1.174,0.397,0.558,1,0,0.653,0
turn,blind,wet,0.822,0.815,0.503,2,0,0.546,0
flop,late,wet,0.432,0.925,0.319,2,0,0.45,1
flop,late,dry,0.533,0.246,0.126,0,1,0.825,0
flop,blind,dry,0.572,0.778,0.687,0,1,0.402,1
flop,blind,dry,1.554,0.52,0.195,1,1,0.369,1
turn,middle,dry,1.853,0.338,0.28,0,2,0.747,0
flop,late,dry,2.344,0.883,0.255,0,1,0.248,1
river,early,dry,0.397,0.746,0.213,1,0,0.833,0
flop,blind,wet,0.448,0.791,0.275,0,0,0.505,0
flop,blind,dry,0.432,0.741,0.277,1,3,0.926,1
river,middle,semi_wet,1.933,0.839,0.562,1,2,0.621,0
flop,late,semi_wet,1.197,0.374,0.357,2,0,0.664,1
turn,blind,wet,0.994,0.663,0.344,2,1,0.141,0
river,early,wet,1.079,0.372,0.392,2,0,0.743,0
river,late,dry,0.922,0.412,0.398,0,2,0.62,1
river,blind,dry,0.513,0.537,0.545,1,0,0.57,0
flop,blind,semi_wet,1.261,0.422,0.091,1,2,0.644,0
turn,early,dry,0.859,0.441,0.143,0,2,0.391,0
river,blind,dry,0.492,0.124,0.026,0,2,0.798,0
river,blind,dry,1.305,0.239,0.093,2,1,0.7,1
flop,early,wet,0.753,0.347,0.459,0,0,0.485,1
turn,late,dry,1.078,0.171,0.172,1,0,0.749,0
flop,late,semi_wet,0.888,0.309,0.168,0,2,0.593,0
flop,blind,semi_wet,1.553,0.665,0.247,0,2,0.741,0
turn,early,semi_wet,1.074,0.836,0.466,0,0,0.537,1
flop,blind,dry,0.585,0.82,0.302,2,0,0.491,0
flop,late,wet,1.136,0.593,0.296,2,0,0.467,0
flop,middle,semi_wet,1.156,0.358,0.348,0,1,0.447,0
turn,middle,semi_wet,1.26,0.693,0.545,0,0,0.351,1
flop,blind,dry,1.682,0.526,0.422,1,0,0.183,0
turn,blind,wet,0.678,0.856,0.151,1,0,0.905,0
flop,middle,wet,1.374,0.455,0.468,1,1,0.4,1
river,blind,dry,0.368,0.55,0.4,3,2,0.48,1
flop,late,dry,0.89,0.704,0.551,1,1,0.095,0
turn,early,dry,0.818,0.671,0.283,0,1,0.327,1
flop,late,dry,2.109,0.833,0.211,0,0,0.863,1
flop,blind,dry,0.873,0.6,0.433,0,2,0.731,0
flop,early,dry,1.329,0.651,0.302,2,0,0.724,0
flop,early,dry,0.361,0.342,0.284,1,0,0.731,0
flop,early,wet,0.784,0.792,0.368,2,0,0.669,0
turn,late,wet,0.597,0.499,0.62,2,1,0.521,0
turn,early,wet,3.0,0.883,0.476,1,3,0.128,1
flop,blind,semi_wet,0.659,0.662,0.56,1,0,0.67,0
turn,early,semi_wet,0.99,0.347,0.293,1,1,0.519,0
turn,early,dry,1.02,0.241,0.428,0,0,0.407,1
flop,middle,semi_wet,0.397,0.702,0.188,1,0,0.69,0
turn,blind,dry,0.712,0.663,0.382,1,1,0.808,1
flop,blind,semi_wet,1.188,0.761,0.141,2,1,0.877,0
flop,middle,wet,0.997,0.565,0.367,0,1,0.733,0
turn,late,wet,0.268,0.946,0.051,1,1,0.585,0
river,blind,dry,0.696,0.782,0.07,2,1,0.634,0
river,blind,semi_wet,1.668,0.904,0.289,2,1,0.224,1
river,early,dry,1.315,0.459,0.194,2,1,0.32,1
turn,blind,dry,1.859,0.726,0.361,2,2,0.927,0
flop,blind,dry,0.553,0.557,0.424,1,0,0.918,0
flop,late,dry,1.924,0.404,0.172,0,4,0.491,0
flop,late,semi_wet,0.928,0.366,0.309,0,0,0.674,0
flop,middle,dry,2.284,0.415,0.276,1,0,0.617,1
flop,blind,dry,0.953,0.729,0.5,1,1,0.558,1
turn,blind,wet,0.308,0.438,0.54,2,0,0.517,0
flop,late,semi_wet,1.518,0.482,0.248,0,0,0.656,1
flop,late,dry,0.745,0.757,0.565,0,0,0.839,0
river,middle,semi_wet,0.773,0.897,0.327,1,2,0.693,0
turn,late,semi_wet,0.428,0.228,0.224,0,1,0.457,0
river,early,semi_wet,2.321,0.776,0.148,0,0,0.449,0
flop,blind,semi_wet,0.714,0.7,0.312,3,1,0.544,0
turn,late,wet,2.262,0.542,0.323,0,2,0.342,0
flop,late,dry,0.75,0.528,0.721,1,1,0.547,0
turn,early,semi_wet,0.571,0.462,0.572,0,2,0.557,1
flop,late,dry,1.965,0.925,0.486,1,2,0.756,0
flop,early,wet,0.914,0.434,0.471,0,4,0.513,0
turn,blind,dry,0.919,0.362,0.465,3,1,0.509,0
flop,late,dry,0.47,0.314,0.13,1,1,0.963,0
flop,middle,wet,0.74,0.892,0.399,1,1,0.675,0
river,blind,semi_wet,1.204,0.745,0.435,2,2,0.684,0
flop,blind,dry,0.466,0.677,0.536,2,0,0.649,0
turn,early,dry,0.707,0.581,0.285,2,1,0.842,0
turn,early,dry,0.755,0.329,0.131,0,1,0.514,0
flop,middle,wet,0.987,0.679,0.54,2,1,0.431,0
turn,early,semi_wet,2.146,0.636,0.309,0,1,0.333,0
flop,late,dry,0.807,0.795,0.026,0,1,0.181,1
river,late,semi_wet,0.651,0.782,0.259,2,1,0.622,1
flop,late,semi_wet,3.0,0.382,0.455,1,1,0.955,0
flop,early,dry,0.75,0.871,0.677,1,0,0.802,1
flop,blind,wet,0.857,0.671,0.423,1,2,0.699,0
river,blind,dry,0.781,0.728,0.395,3,1,0.728,0
river,late,wet,0.817,0.29,0.404,1,0,0.459,1
river,early,wet,0.993,0.509,0.289,0,0,0.873,0
turn,middle,dry,1.578,0.653,0.379,1,0,0.759,0
turn,late,semi_wet,1.188,0.625,0.285,1,0,0.442,0
turn,late,wet,1.72,0.399,0.484,1,0,0.282,0
river,early,semi_wet,1.689,0.996,0.12,0,1,0.457,0
turn,blind,semi_wet,1.067,0.535,0.394,0,1,0.833,0
turn,blind,dry,1.17,0.499,0.405,0,1,0.437,1
turn,late,dry,1.75,0.84,0.264,1,1,0.624,1
turn,middle,semi_wet,0.516,0.76,0.23,2,0,0.783,1
flop,late,dry,3.0,0.434,0.69,1,1,0.615,1
turn,early,dry,0.718,0.732,0.346,0,0,0.875,1
flop,late,semi_wet,0.784,0.416,0.258,4,0,0.785,0
river,early,dry,0.488,0.883,0.046,1,0,0.766,0
turn,early,wet,0.496,0.563,0.522,1,0,0.862,0
river,late,wet,1.625,0.644,0.359,3,0,0.713,1
turn,late,wet,3.0,0.256,0.405,4,0,0.676,0
river,blind,dry,0.696,0.757,0.166,1,0,0.568,0
flop,late,semi_wet,1.151,0.446,0.558,0,2,0.677,0
river,blind,wet,1.074,0.617,0.445,2,0,0.781,0
turn,blind,dry,1.649,0.699,0.538,0,4,0.644,0
flop,middle,semi_wet,3.0,0.932,0.084,1,1,0.678,0
flop,blind,semi_wet,2.196,0.772,0.149,2,0,0.675,0
flop,middle,dry,0.834,0.591,0.058,4,0,0.425,0
turn,late,dry,1.272,0.882,0.351,2,0,0.704,1
river,early,semi_wet,1.344,0.245,0.354,2,3,0.467,0
river,early,dry,0.941,0.167,0.25,2,0,0.299,0
turn,late,wet,0.521,0.208,0.564,1,1,0.482,0
turn,middle,semi_wet,0.613,0.752,0.564,1,0,0.399,0
turn,late,dry,1.789,0.652,0.441,0,2,0.315,1
river,early,semi_wet,1.893,0.982,0.171,1,2,0.798,0
river,middle,semi_wet,0.849,0.446,0.625,0,3,0.794,1
flop,late,dry,1.098,0.804,0.15,3,0,0.549,0
river,late,wet,1.838,0.828,0.193,1,1,0.879,0
turn,blind,semi_wet,0.373,0.68,0.379,1,1,0.248,0
river,blind,semi_wet,0.744,0.33,0.149,0,0,0.697,0
river,blind,wet,2.886,0.48,0.274,0,1,0.705,0
river,early,semi_wet,1.121,0.695,0.172,0,0,0.7,0
flop,late,semi_wet,0.511,0.9,0.401,0,1,0.286,1
turn,early,dry,1.015,0.91,0.195,2,2,0.624,0
flop,middle,dry,1.668,0.466,0.214,0,1,0.71,0
river,early,semi_wet,0.234,0.497,0.43,1,1,0.536,0
flop,middle,semi_wet,1.048,0.961,0.09,1,0,0.864,0
turn,early,semi_wet,0.775,0.318,0.602,2,1,0.802,0
river,late,semi_wet,0.386,0.551,0.244,2,0,0.608,0
flop,early,semi_wet,0.995,0.452,0.261,3,0,0.409,0
turn,late,wet,0.882,0.335,0.503,2,1,0.418,1
turn,late,wet,0.939,0.731,0.197,1,3,0.499,1
turn,early,dry,0.785,0.463,0.426,0,1,0.915,0
flop,early,wet,0.542,0.703,0.839,1,0,0.813,1
flop,blind,wet,0.427,0.607,0.178,2,1,0.889,0
turn,late,dry,0.651,0.442,0.255,1,2,0.738,0
turn,middle,dry,1.526,0.757,0.463,3,0,0.384,0
turn,blind,dry,1.081,0.59,0.494,2,0,0.326,1
flop,early,semi_wet,0.916,0.325,0.421,3,1,0.825,0
turn,blind,semi_wet,0.537,0.887,0.209,0,2,0.476,0
turn,early,semi_wet,0.774,0.826,0.112,0,1,0.397,0
flop,late,wet,1.427,0.805,0.169,0,0,0.905,0
river,early,dry,1.256,0.599,0.635,0,2,0.9,0
flop,early,dry,0.732,0.809,0.087,1,0,0.481,1
turn,middle,wet,0.226,0.873,0.41,0,1,0.888,0
river,early,wet,0.656,0.489,0.281,1,0,0.51,1
turn,middle,wet,0.729,0.706,0.238,0,1,0.409,0
turn,early,dry,0.578,0.649,0.235,2,0,0.706,0
flop,early,dry,0.758,0.651,0.18,0,1,0.597,0
flop,blind,dry,1.49,0.589,0.507,2,1,0.929,0
flop,blind,semi_wet,0.932,0.168,0.373,1,4,0.903,0
river,blind,dry,1.639,0.851,0.203,2,3,0.923,0
river,early,wet,0.415,0.593,0.521,2,1,0.164,1
flop,middle,semi_wet,0.804,0.803,0.045,1,3,0.285,1
flop,middle,semi_wet,0.327,0.54,0.253,0,0,0.658,0
flop,middle,dry,0.752,0.348,0.488,2,0,0.601,0
turn,middle,dry,0.535,0.244,0.543,2,1,0.944,0
turn,late,semi_wet,1.925,0.49,0.116,3,0,0.31,0
turn,middle,semi_wet,1.192,0.846,0.267,2,0,0.559,0
river,middle,dry,1.662,0.772,0.305,1,1,0.437,1
flop,blind,wet,0.751,0.714,0.163,0,1,0.711,0
turn,blind,dry,0.543,0.561,0.457,1,1,0.667,0
turn,middle,dry,0.533,0.352,0.346,2,0,0.882,1
flop,early,wet,1.101,0.469,0.274,0,1,0.825,0
river,late,dry,2.574,0.636,0.093,2,0,0.355,0
flop,middle,dry,1.193,0.659,0.397,1,1,0.458,0
river,blind,semi_wet,0.774,0.629,0.26,2,0,0.312,1
river,middle,dry,0.857,0.411,0.39,2,0,0.942,0
river,early,dry,0.935,0.722,0.224,1,1,0.475,0
turn,early,dry,2.9,0.626,0.615,1,1,0.669,0
flop,early,dry,1.875,0.236,0.164,0,1,0.461,0
river,middle,semi_wet,1.097,0.627,0.146,1,0,0.581,0
river,middle,dry,1.01,0.552,0.121,1,0,0.474,0
turn,blind,wet,1.121,0.767,0.158,2,1,0.647,1
river,blind,wet,1.248,0.151,0.703,0,0,0.636,0
flop,early,dry,0.758,0.381,0.333,1,1,0.74,0
turn,blind,dry,0.598,0.925,0.213,1,1,0.711,0
river,late,dry,1.678,0.263,0.177,4,0,0.573,0
flop,middle,dry,0.963,0.386,0.257,0,1,0.748,0
turn,middle,dry,1.603,0.818,0.222,0,0,0.892,0
river,middle,wet,2.352,0.537,0.436,2,2,0.478,1
river,early,dry,1.267,0.655,0.392,1,1,0.432,0
river,blind,semi_wet,1.159,0.76,0.132,0,0,0.803,0
turn,early,semi_wet,3.0,0.688,0.309,2,2,0.285,1
river,early,wet,1.066,0.71,0.438,1,2,0.58,1
flop,middle,dry,0.522,0.499,0.483,0,0,0.271,1
turn,early,dry,0.815,0.809,0.369,2,1,0.709,1
turn,early,wet,2.233,0.806,0.054,0,2,0.884,0
river,middle,dry,0.467,0.436,0.347,0,2,0.531,0
river,middle,semi_wet,0.629,0.801,0.509,2,2,0.712,0
river,early,semi_wet,1.748,0.797,0.492,0,1,0.723,1
turn,blind,semi_wet,0.819,0.681,0.13,3,1,0.432,0
turn,blind,dry,0.895,0.631,0.168,0,0,0.851,0
turn,late,dry,1.717,0.704,0.787,1,1,0.452,1
turn,late,semi_wet,0.641,0.798,0.408,1,1,0.671,0
flop,blind,semi_wet,0.424,0.615,0.306,1,2,0.671,0
turn,middle,wet,0.443,0.738,0.218,1,0,0.688,0
river,middle,semi_wet,1.31,0.555,0.106,1,1,0.676,0
river,early,wet,1.097,0.35,0.245,3,3,0.795,0
river,late,wet,0.65,0.453,0.385,0,1,0.355,0
turn,early,semi_wet,0.503,0.232,0.363,0,1,0.716,1
turn,late,dry,0.82,0.688,0.285,3,1,0.461,1
flop,blind,semi_wet,1.758,0.356,0.313,0,1,0.706,0
turn,early,semi_wet,0.601,0.569,0.265,2,1,0.696,0
turn,late,semi_wet,0.661,0.368,0.236,0,1,0.767,1
flop,middle,dry,0.494,0.758,0.344,2,2,0.581,0
flop,middle,semi_wet,0.777,0.752,0.046,0,3,0.777,1
turn,late,dry,1.146,0.401,0.235,0,1,0.791,0
turn,early,dry,3.0,0.795,0.225,0,0,0.534,0
turn,blind,wet,1.072,0.443,0.255,1,0,0.898,0
flop,middle,semi_wet,0.924,0.428,0.523,0,3,0.64,0
turn,middle,semi_wet,1.529,0.367,0.385,4,2,0.659,0
turn,blind,semi_wet,1.395,0.583,0.52,0,1,0.681,0
turn,early,semi_wet,0.692,0.676,0.507,1,1,0.16,0
turn,middle,dry,3.0,0.607,0.118,2,1,0.621,0
flop,blind,semi_wet,0.939,0.753,0.301,0,1,0.333,1
river,middle,dry,1.083,0.771,0.253,2,0,0.696,1
flop,early,semi_wet,1.288,0.824,0.625,1,1,0.69,1
turn,middle,dry,1.151,0.755,0.243,0,0,0.771,0
flop,blind,wet,2.201,0.831,0.426,0,1,0.393,0
turn,blind,wet,0.688,0.668,0.475,0,5,0.506,1
flop,blind,semi_wet,1.464,0.48,0.283,2,1,0.646,0
river,middle,dry,1.041,0.679,0.604,1,2,0.649,1
turn,blind,dry,1.633,0.537,0.309,2,0,0.683,0
turn,middle,semi_wet,0.845,0.783,0.193,0,0,0.905,0
flop,blind,semi_wet,0.784,0.88,0.308,2,2,0.7,0
flop,blind,semi_wet,1.423,0.716,0.362,0,1,0.535,0
turn,early,wet,1.158,0.751,0.27,0,1,0.707,0
turn,blind,semi_wet,0.606,0.359,0.369,1,0,0.828,0
turn,late,semi_wet,1.994,0.408,0.409,1,2,0.883,0
river,late,semi_wet,1.423,0.446,0.245,2,1,0.718,1
river,blind,semi_wet,0.913,0.409,0.172,4,1,0.898,0
river,early,semi_wet,0.735,0.901,0.625,1,0,0.545,1
flop,late,wet,1.162,0.81,0.224,1,0,0.375,0
river,early,dry,1.368,0.428,0.305,0,0,0.657,0
turn,middle,dry,0.396,0.789,0.2,1,0,0.647,0
turn,early,dry,1.17,0.695,0.414,2,4,0.411,1
river,early,wet,1.362,0.533,0.184,2,3,0.802,0
turn,blind,semi_wet,0.261,0.716,0.54,0,1,0.527,1
river,middle,dry,1.06,0.543,0.222,1,0,0.406,1
river,middle,semi_wet,1.394,0.58,0.193,3,0,0.753,1
flop,middle,semi_wet,1.309,0.883,0.554,0,1,0.531,0
turn,late,wet,1.479,0.219,0.249,1,2,0.676,0
turn,late,wet,0.794,0.87,0.599,2,3,0.719,1
river,late,wet,0.537,0.514,0.427,1,0,0.286,1
river,blind,wet,0.354,0.686,0.547,3,0,0.42,0
flop,middle,dry,1.735,0.773,0.439,3,1,0.521,1
flop,blind,dry,1.4,0.615,0.578,0,0,0.688,0
flop,blind,semi_wet,1.809,0.508,0.481,2,1,0.571,1
turn,late,semi_wet,0.638,0.673,0.748,0,1,0.241,0
flop,early,dry,1.48,0.631,0.117,2,0,0.868,0
river,middle,semi_wet,0.416,0.707,0.592,1,2,0.69,0
turn,late,dry,0.59,0.657,0.374,1,2,0.939,0
river,middle,dry,1.019,0.323,0.201,0,3,0.731,0
flop,middle,dry,1.37,0.632,0.315,0,0,0.979,0
turn,middle,wet,2.395,0.811,0.193,1,0,0.925,0
flop,early,semi_wet,0.834,0.714,0.516,1,3,0.706,1
river,early,semi_wet,0.591,0.236,0.305,1,0,0.848,0
flop,blind,wet,0.574,0.607,0.345,1,1,0.557,0
flop,early,wet,0.652,0.323,0.171,1,0,0.685,0
flop,blind,dry,3.0,0.768,0.194,0,1,0.597,0
river,middle,wet,1.442,0.475,0.235,0,0,0.695,0
flop,blind,dry,1.754,0.709,0.119,1,0,0.494,0
turn,middle,semi_wet,0.834,0.478,0.145,1,1,0.259,0
river,blind,dry,0.95,0.28,0.226,0,0,0.777,0
river,late,semi_wet,1.397,0.447,0.244,2,1,0.784,1
flop,blind,semi_wet,0.72,0.581,0.217,0,0,0.494,0
flop,early,dry,0.81,0.63,0.737,0,3,0.449,1
turn,blind,semi_wet,0.656,0.939,0.641,3,1,0.663,1
flop,middle,semi_wet,0.744,0.788,0.386,2,3,0.637,1
turn,middle,semi_wet,0.977,0.874,0.274,0,1,0.679,0
turn,early,dry,0.605,0.262,0.239,0,0,0.906,0
turn,blind,dry,1.113,0.602,0.505,0,0,0.689,0
flop,late,dry,1.112,0.44,0.075,2,0,0.854,0
turn,blind,wet,0.862,0.862,0.237,1,0,0.58,0
flop,late,wet,0.603,0.331,0.631,0,1,0.534,1
turn,early,dry,1.008,0.435,0.334,1,2,0.673,0
flop,middle,semi_wet,0.721,0.238,0.316,1,1,0.529,0
river,middle,semi_wet,0.976,0.696,0.119,0,0,0.972,0
turn,early,wet,1.74,0.418,0.189,3,1,0.63,0
flop,blind,dry,0.478,0.822,0.378,0,1,0.749,0
flop,blind,semi_wet,3.0,0.798,0.356,2,0,0.721,0
flop,late,semi_wet,0.914,0.526,0.338,3,2,0.441,1
flop,late,dry,1.193,0.741,0.568,2,3,0.882,0
flop,late,dry,0.629,0.608,0.452,0,0,0.924,0
river,late,dry,1.783,0.85,0.487,1,0,0.862,0
turn,early,semi_wet,0.888,0.907,0.193,0,2,0.397,1
flop,late,semi_wet,0.766,0.494,0.334,1,2,0.552,0
turn,blind,semi_wet,0.693,0.176,0.464,1,0,0.6,1
flop,blind,dry,0.821,0.32,0.464,2,0,0.409,0
river,late,wet,1.197,0.411,0.544,0,1,0.882,0
flop,blind,dry,1.046,0.644,0.44,2,0,0.878,0
river,late,wet,0.931,0.686,0.298,0,1,0.668,0
river,middle,dry,0.643,0.671,0.391,0,0,0.403,1
flop,middle,wet,0.623,0.557,0.413,0,3,0.677,0
flop,late,wet,0.738,0.431,0.328,0,0,0.556,0
turn,blind,wet,1.225,0.659,0.228,1,0,0.286,1
river,early,wet,1.369,0.691,0.118,2,2,0.511,1
turn,middle,dry,1.475,0.178,0.367,2,1,0.297,0
turn,late,semi_wet,0.95,0.637,0.109,0,0,0.333,0
river,blind,semi_wet,1.175,0.49,0.812,2,2,0.501,0
river,middle,semi_wet,0.867,0.92,0.219,2,1,0.907,0
turn,late,wet,0.365,0.736,0.61,0,1,0.776,0
turn,early,dry,0.845,0.932,0.39,2,5,0.347,1
river,middle,semi_wet,0.774,0.852,0.166,1,1,0.752,0
flop,blind,wet,0.537,0.848,0.455,0,0,0.395,1
river,late,dry,0.696,0.286,0.254,0,0,0.505,0
flop,blind,dry,1.025,0.66,0.162,0,2,0.65,0
flop,early,dry,0.51,0.401,0.219,0,5,0.825,0
river,middle,wet,0.643,0.461,0.26,1,1,0.695,0
flop,blind,wet,2.229,0.605,0.179,2,1,0.752,0
flop,blind,dry,0.394,0.776,0.366,1,0,0.59,1
flop,blind,semi_wet,0.86,0.811,0.315,0,1,0.832,0
turn,middle,semi_wet,0.501,0.625,0.025,1,1,0.439,0
river,blind,semi_wet,0.629,0.636,0.064,0,0,0.295,1
flop,middle,semi_wet,0.853,0.571,0.308,1,0,0.657,1
flop,blind,wet,0.553,0.893,0.045,1,2,0.403,0
turn,blind,dry,1.304,0.76,0.67,0,3,0.143,1
river,middle,dry,2.0,0.427,0.306,1,0,0.623,0
flop,middle,semi_wet,1.511,0.554,0.142,1,3,0.67,0
river,blind,semi_wet,1.671,0.484,0.343,2,1,0.59,1
river,middle,semi_wet,0.445,0.358,0.048,2,1,0.928,0
flop,middle,dry,0.832,0.46,0.139,1,1,0.88,0
river,late,dry,1.23,0.663,0.464,1,2,0.788,1
turn,blind,wet,1.536,0.742,0.075,0,2,0.397,0
turn,early,dry,2.495,0.705,0.164,2,2,0.386,0
turn,blind,semi_wet,1.713,0.694,0.515,0,0,0.825,1
river,middle,wet,1.557,0.566,0.65,0,4,0.899,0
river,early,dry,3.0,0.707,0.295,1,0,0.452,0
river,middle,dry,1.003,0.705,0.252,1,2,0.747,0
river,middle,dry,0.811,0.671,0.354,1,3,0.705,1
turn,late,semi_wet,1.049,0.757,0.327,0,0,0.866,1
river,late,dry,0.575,0.952,0.403,0,0,0.219,0
river,early,semi_wet,0.987,0.284,0.381,2,0,0.838,0
flop,middle,dry,0.368,0.735,0.513,0,2,0.627,0
flop,early,dry,0.711,0.852,0.433,1,1,0.841,1
turn,middle,dry,0.893,0.829,0.226,1,1,0.487,0
river,late,dry,1.604,0.158,0.165,1,1,0.652,0
flop,blind,dry,1.753,0.774,0.278,0,1,0.506,0
river,early,wet,0.56,0.454,0.469,0,0,0.648,0
flop,late,dry,2.98,0.514,0.175,3,3,0.232,0
turn,middle,semi_wet,1.032,0.702,0.3,2,1,0.839,0
turn,middle,semi_wet,1.085,0.661,0.164,1,0,0.447,0
flop,late,semi_wet,0.391,0.56,0.277,4,2,0.844,0
river,early,semi_wet,0.676,0.386,0.186,0,0,0.627,0
flop,blind,dry,1.695,0.865,0.17,2,1,0.38,0
river,middle,semi_wet,1.044,0.722,0.378,0,2,0.186,1
flop,early,dry,1.009,0.366,0.126,2,1,0.321,0
river,blind,wet,1.078,0.62,0.565,1,0,0.554,0
turn,blind,dry,0.43,0.315,0.131,2,3,0.798,0
flop,late,semi_wet,0.902,0.772,0.556,0,1,0.563,1
flop,late,semi_wet,2.064,0.779,0.356,2,1,0.934,0
flop,early,semi_wet,1.729,0.386,0.362,1,1,0.42,0
turn,middle,dry,0.888,0.238,0.06,1,1,0.867,0
river,middle,semi_wet,2.248,0.658,0.463,0,1,0.58,1
turn,blind,semi_wet,0.476,0.697,0.376,1,0,0.557,1
turn,middle,semi_wet,0.557,0.679,0.313,0,5,0.953,0
turn,late,dry,2.651,0.265,0.401,0,1,0.578,0
turn,middle,dry,1.307,0.851,0.285,1,0,0.412,0
turn,late,dry,0.811,0.723,0.277,2,3,0.367,0
turn,early,wet,0.923,0.903,0.206,1,1,0.761,0
river,late,semi_wet,0.61,0.628,0.144,0,0,0.595,1
river,early,semi_wet,1.108,0.499,0.096,2,0,0.693,1
turn,late,semi_wet,1.06,0.553,0.36,0,3,0.758,0
flop,early,semi_wet,0.962,0.769,0.22,1,1,0.212,0
flop,blind,semi_wet,0.503,0.335,0.679,1,2,0.272,1
turn,blind,semi_wet,1.1,0.704,0.514,2,0,0.349,0
flop,late,semi_wet,0.711,0.848,0.121,1,0,0.66,0
river,blind,dry,0.553,0.493,0.259,0,2,0.436,0
turn,blind,wet,1.909,0.593,0.216,1,1,0.846,0
turn,early,wet,3.0,0.844,0.448,0,1,0.601,0
river,late,semi_wet,2.769,0.782,0.595,2,1,0.553,1
flop,middle,wet,1.36,0.158,0.332,0,2,0.718,0
river,blind,wet,0.822,0.327,0.713,0,2,0.602,0
flop,blind,semi_wet,0.915,0.315,0.473,0,0,0.734,0
turn,blind,semi_wet,1.189,0.78,0.239,1,2,0.548,1
river,middle,semi_wet,0.755,0.935,0.337,2,1,0.506,0
river,early,dry,1.965,0.467,0.181,1,0,0.131,0
river,early,dry,0.31,0.803,0.199,1,3,0.554,1
turn,early,semi_wet,0.808,0.411,0.435,1,0,0.721,0
river,blind,wet,1.478,0.591,0.315,1,1,0.372,0
turn,late,dry,0.598,0.783,0.506,1,1,0.757,0
turn,middle,wet,0.834,0.561,0.545,0,1,0.356,1
flop,middle,semi_wet,1.319,0.779,0.244,2,3,0.794,0
flop,early,semi_wet,2.193,0.55,0.192,0,1,0.511,0
turn,late,dry,0.467,0.682,0.175,2,2,0.207,1
flop,middle,semi_wet,0.448,0.71,0.413,1,2,0.503,1
river,blind,dry,0.565,0.766,0.115,1,3,0.612,1
river,early,dry,0.408,0.368,0.123,0,0,0.879,0
river,blind,dry,0.425,0.528,0.227,2,3,0.779,0
flop,early,dry,0.557,0.493,0.299,2,3,0.42,0
river,middle,dry,1.875,0.711,0.279,2,1,0.372,1
flop,middle,semi_wet,0.801,0.632,0.079,0,0,0.78,0
turn,late,semi_wet,0.968,0.898,0.205,1,3,0.78,1
river,late,dry,0.562,0.925,0.397,1,0,0.617,0
flop,early,wet,1.348,0.767,0.402,0,0,0.727,0
flop,middle,semi_wet,2.669,0.49,0.34,3,0,0.314,0
flop,late,wet,0.584,0.49,0.127,0,0,0.777,0
turn,middle,semi_wet,2.456,0.766,0.317,1,1,0.866,0
river,early,dry,1.162,0.614,0.382,0,0,0.868,0
flop,early,wet,0.96,0.817,0.109,0,3,0.911,0
flop,late,wet,1.185,0.445,0.528,2,2,0.6,0
turn,middle,semi_wet,1.179,0.525,0.047,3,1,0.267,1
flop,late,semi_wet,2.642,0.296,0.551,3,3,0.15,0
river,early,semi_wet,1.266,0.473,0.155,1,0,0.723,0
river,late,semi_wet,1.281,0.739,0.234,1,3,0.573,0
river,early,wet,0.754,0.557,0.127,0,1,0.83,0
river,late,semi_wet,1.509,0.133,0.204,0,0,0.403,0
turn,blind,dry,0.562,0.48,0.15,0,1,0.694,0
river,middle,dry,1.01,0.692,0.582,1,0,0.724,0
flop,early,dry,3.0,0.609,0.14,4,1,0.673,0
flop,early,dry,0.24,0.253,0.103,1,1,0.534,0
turn,middle,dry,1.081,0.359,0.215,1,0,0.266,0
flop,early,wet,1.104,0.905,0.235,1,1,0.753,0
river,blind,dry,0.839,0.144,0.137,1,0,0.28,0
turn,blind,dry,0.85,0.287,0.321,2,0,0.722,1
river,blind,dry,1.0,0.239,0.288,2,0,0.818,0
flop,blind,semi_wet,0.828,0.727,0.064,1,0,0.754,1
turn,late,semi_wet,1.075,0.335,0.675,2,2,0.888,0
river,middle,semi_wet,0.727,0.603,0.625,1,2,0.783,0
flop,middle,wet,2.893,0.191,0.523,3,1,0.133,1
turn,middle,wet,0.828,0.383,0.175,0,1,0.668,0
turn,blind,wet,1.301,0.481,0.102,1,1,0.458,1
river,middle,wet,0.658,0.238,0.445,0,2,0.906,0
river,middle,dry,1.589,0.496,0.313,0,1,0.789,0
flop,late,semi_wet,1.424,0.816,0.337,0,0,0.425,0
turn,middle,dry,1.198,0.519,0.473,0,2,0.404,1
turn,middle,wet,0.541,0.487,0.217,1,2,0.68,0
flop,early,dry,0.629,0.489,0.567,0,0,0.71,1
turn,early,dry,2.405,0.93,0.295,2,1,0.687,0
flop,early,dry,0.625,0.756,0.572,0,2,0.452,0
flop,middle,semi_wet,1.353,0.482,0.292,1,0,0.709,1
turn,blind,semi_wet,0.566,0.797,0.374,1,1,0.331,1
flop,middle,dry,1.656,0.801,0.558,0,0,0.855,0
turn,late,semi_wet,0.652,0.472,0.524,3,1,0.724,0
flop,middle,dry,0.56,0.635,0.246,1,0,0.424,1
river,middle,wet,0.643,0.762,0.621,0,3,0.39,1
flop,early,dry,0.701,0.553,0.139,0,0,0.837,0
river,late,dry,1.188,0.721,0.268,1,0,0.349,1
flop,late,semi_wet,0.988,0.39,0.192,1,2,0.826,0
turn,middle,semi_wet,0.521,0.679,0.348,0,1,0.932,0
flop,late,wet,0.937,0.762,0.52,0,0,0.742,0
flop,middle,semi_wet,0.507,0.466,0.644,2,2,0.353,0
turn,middle,wet,1.355,0.312,0.412,1,0,0.585,0
river,late,dry,1.499,0.755,0.417,1,0,0.442,0
river,late,dry,0.939,0.275,0.139,0,2,0.738,0
flop,early,wet,1.105,0.462,0.575,0,3,0.898,0
flop,middle,dry,2.493,0.804,0.158,2,1,0.36,0
river,middle,wet,0.872,0.391,0.327,2,0,0.292,0
turn,blind,dry,0.566,0.227,0.047,0,1,0.296,0
flop,middle,semi_wet,1.308,0.75,0.557,0,0,0.679,0
river,blind,dry,0.51,0.385,0.038,2,1,0.792,0
turn,late,semi_wet,0.847,0.551,0.326,0,0,0.563,1
turn,early,wet,0.684,0.906,0.464,1,1,0.557,0
turn,middle,dry,0.647,0.363,0.368,0,0,0.375,0
turn,blind,dry,0.829,0.468,0.751,0,1,0.355,0
flop,middle,dry,1.56,0.616,0.432,0,1,0.558,0
river,late,dry,1.747,0.302,0.077,0,1,0.803,0
flop,blind,dry,1.583,0.446,0.668,3,0,0.359,0
river,late,wet,1.145,0.771,0.399,2,1,0.89,0
river,early,dry,0.826,0.479,0.079,3,0,0.737,0
river,middle,semi_wet,0.26,0.758,0.404,1,0,0.294,1
flop,middle,semi_wet,1.164,0.668,0.493,0,2,0.494,0
flop,middle,dry,0.272,0.791,0.122,0,5,0.927,1
turn,blind,dry,0.33,0.721,0.806,0,0,0.588,0
turn,early,semi_wet,0.87,0.387,0.199,3,0,0.429,0
river,late,semi_wet,1.1,0.664,0.315,1,1,0.75,0
turn,blind,wet,0.742,0.667,0.27,0,2,0.555,0
river,blind,semi_wet,2.213,0.313,0.219,1,2,0.515,1
flop,late,semi_wet,1.226,0.555,0.114,1,0,0.435,0
turn,blind,wet,0.829,0.361,0.029,1,0,0.545,0
flop,middle,wet,2.039,0.745,0.189,3,2,0.73,0
river,late,wet,2.25,0.824,0.476,1,1,0.389,0
flop,late,dry,1.261,0.653,0.565,1,1,0.377,0
flop,early,wet,0.621,0.662,0.086,1,0,0.175,0
river,early,wet,0.703,0.229,0.049,1,1,0.243,0
turn,blind,wet,0.429,0.475,0.046,0,3,0.39,0
flop,early,semi_wet,0.929,0.868,0.229,0,2,0.948,0
flop,middle,wet,0.534,0.6,0.394,0,0,0.775,0
turn,late,semi_wet,0.794,0.377,0.155,0,1,0.808,0
flop,late,semi_wet,1.098,0.549,0.449,0,3,0.58,1
flop,late,semi_wet,0.319,0.281,0.365,0,2,0.689,0
turn,blind,semi_wet,0.475,0.747,0.216,1,1,0.228,0
flop,blind,wet,0.72,0.813,0.556,0,3,0.741,0
turn,blind,dry,0.924,0.79,0.51,0,1,0.745,0
turn,late,dry,0.725,0.508,0.215,0,0,0.692,0
flop,blind,dry,0.82,0.561,0.512,0,1,0.653,0
flop,late,semi_wet,0.645,0.776,0.285,0,0,0.79,0
flop,late,semi_wet,0.429,0.723,0.291,0,1,0.916,0
flop,blind,wet,0.709,0.863,0.433,0,1,0.545,1
flop,blind,wet,0.846,0.919,0.357,1,0,0.91,0
river,early,semi_wet,0.802,0.491,0.194,2,0,0.769,0
river,blind,dry,1.012,0.421,0.402,0,2,0.887,1
turn,late,semi_wet,1.198,0.602,0.26,1,1,0.519,1
turn,blind,wet,1.384,0.634,0.371,4,0,0.534,0
turn,late,semi_wet,0.671,0.543,0.425,1,0,0.198,0
river,blind,wet,0.4,0.531,0.082,1,2,0.524,0
flop,middle,wet,1.914,0.771,0.482,0,2,0.501,0
flop,early,dry,1.176,0.84,0.339,0,0,0.471,0
flop,early,semi_wet,0.563,0.789,0.229,1,1,0.449,0
flop,middle,semi_wet,1.108,0.82,0.029,2,2,0.595,0
flop,early,semi_wet,1.712,0.677,0.042,0,1,0.354,0
river,middle,dry,2.462,0.272,0.645,0,0,0.695,0
river,early,dry,1.092,0.423,0.154,0,0,0.637,1
flop,early,dry,1.704,0.172,0.378,0,0,0.456,1
turn,late,semi_wet,0.489,0.595,0.495,1,1,0.97,0
turn,blind,dry,0.933,0.662,0.645,1,3,0.239,1
turn,early,semi_wet,0.791,0.29,0.635,2,3,0.43,1
turn,late,semi_wet,1.148,0.254,0.553,1,0,0.576,0
flop,late,semi_wet,2.307,0.749,0.186,1,1,0.719,0
river,late,wet,1.091,0.628,0.118,0,0,0.841,0
river,early,semi_wet,0.568,0.482,0.188,0,0,0.579,0
turn,late,dry,0.475,0.899,0.088,1,2,0.268,1
turn,early,wet,2.352,0.514,0.057,1,2,0.828,0
turn,early,wet,1.262,0.431,0.553,2,1,0.171,1
flop,middle,semi_wet,1.217,0.526,0.137,1,1,0.772,0
flop,blind,wet,0.787,0.12,0.123,2,1,0.308,1
turn,early,dry,1.102,0.235,0.544,1,0,0.713,0
flop,blind,wet,0.553,0.979,0.264,1,3,0.82,0
river,blind,dry,1.177,0.684,0.522,0,1,0.288,0
turn,blind,semi_wet,0.498,0.899,0.45,1,0,0.427,0
turn,middle,dry,0.781,0.904,0.407,0,0,0.56,0
flop,early,wet,0.668,0.949,0.216,0,0,0.493,0
river,early,dry,0.159,0.957,0.291,0,2,0.895,0
flop,blind,dry,0.786,0.607,0.433,3,1,0.795,0
flop,early,dry,0.58,0.506,0.378,0,1,0.743,1
flop,late,semi_wet,0.847,0.419,0.121,0,2,0.604,1
turn,middle,dry,0.952,0.836,0.433,1,0,0.629,1
river,blind,semi_wet,2.515,0.754,0.333,2,0,0.367,0
flop,late,dry,1.125,0.366,0.851,2,1,0.52,0
river,late,wet,1.143,0.498,0.263,1,0,0.611,0
flop,blind,dry,1.249,0.634,0.184,0,1,0.636,0
turn,blind,wet,1.536,0.815,0.148,0,3,0.226,0
flop,middle,dry,1.221,0.655,0.51,0,1,0.617,0
turn,late,dry,1.111,0.729,0.498,2,0,0.763,0
turn,late,dry,1.407,0.96,0.609,0,0,0.441,0
turn,blind,dry,0.25,0.649,0.211,2,0,0.172,0
flop,middle,semi_wet,3.0,0.505,0.571,2,0,0.341,1
river,middle,dry,2.28,0.405,0.204,1,2,0.946,0
river,blind,wet,1.072,0.836,0.366,0,0,0.45,1
turn,blind,semi_wet,0.437,0.737,0.147,1,0,0.939,0
turn,late,dry,1.851,0.892,0.383,2,1,0.547,0
river,early,semi_wet,0.649,0.787,0.336,1,5,0.862,1
flop,middle,dry,1.276,0.86,0.878,1,0,0.645,1
river,middle,dry,0.47,0.504,0.32,0,1,0.825,0
flop,late,dry,3.0,0.531,0.16,0,1,0.583,0
river,late,dry,0.43,0.801,0.388,2,0,0.221,1
flop,blind,dry,0.988,0.814,0.352,0,1,0.385,1
flop,early,wet,0.296,0.917,0.444,1,0,0.398,0
turn,middle,semi_wet,0.93,0.717,0.528,0,4,0.345,0
turn,late,wet,0.753,0.353,0.174,0,1,0.772,0
river,blind,dry,1.778,0.447,0.052,0,1,0.702,0
river,early,wet,0.753,0.82,0.31,0,3,0.641,1
flop,blind,dry,1.779,0.455,0.587,1,0,0.584,0
flop,early,dry,0.542,0.542,0.266,2,1,0.839,0
turn,early,wet,0.815,0.378,0.196,3,1,0.807,0
turn,blind,dry,0.824,0.85,0.19,1,0,0.552,0
turn,blind,semi_wet,1.249,0.737,0.569,1,1,0.387,1
river,blind,wet,1.165,0.788,0.339,1,1,0.706,0
river,late,semi_wet,1.415,0.407,0.41,2,3,0.518,1
flop,late,semi_wet,1.102,0.879,0.358,1,1,0.964,0
turn,late,dry,1.369,0.942,0.219,2,1,0.585,0
turn,late,dry,0.581,0.76,0.149,0,4,0.687,1
turn,late,wet,1.178,0.759,0.267,0,1,0.755,0
flop,middle,dry,2.304,0.554,0.177,1,0,0.536,0
turn,blind,dry,0.378,0.648,0.303,0,3,0.461,1
turn,middle,dry,1.245,0.461,0.431,3,0,0.945,1
flop,late,wet,1.38,0.569,0.389,1,1,0.64,0
river,late,wet,2.125,0.673,0.308,2,1,0.274,1
flop,late,semi_wet,1.418,0.328,0.238,1,1,0.905,0
turn,late,wet,1.005,0.625,0.205,2,1,0.915,1
turn,early,dry,1.205,0.657,0.265,3,2,0.56,1
river,middle,wet,0.635,0.764,0.494,3,1,0.3,0
flop,middle,dry,0.768,0.721,0.424,0,2,0.954,0
flop,middle,dry,0.456,0.47,0.54,1,1,0.816,0
flop,blind,dry,2.155,0.569,0.21,4,0,0.53,0
turn,blind,wet,1.218,0.454,0.615,1,2,0.517,0
flop,late,wet,0.575,0.322,0.351,3,1,0.746,0
river,middle,semi_wet,1.104,0.774,0.559,1,1,0.477,1
flop,early,dry,1.8,0.332,0.282,0,0,0.518,0
flop,blind,dry,1.642,0.466,0.4,0,1,0.301,0
turn,blind,semi_wet,0.571,0.636,0.629,0,0,0.916,0
river,middle,dry,0.17,0.387,0.338,0,2,0.467,0
river,blind,dry,1.182,0.608,0.602,3,1,0.882,1
river,blind,semi_wet,0.584,0.612,0.492,4,2,0.383,1
turn,late,semi_wet,1.339,0.402,0.174,1,1,0.404,1
river,early,wet,1.604,0.652,0.049,0,1,0.493,0
turn,early,semi_wet,1.755,0.818,0.483,0,0,0.61,0
flop,blind,dry,2.483,0.591,0.277,2,2,0.734,0
turn,late,semi_wet,1.878,0.776,0.329,1,1,0.366,0
river,early,dry,2.49,0.554,0.249,0,0,0.872,0
flop,early,semi_wet,2.031,0.887,0.134,1,2,0.467,0
turn,blind,wet,2.131,0.585,0.541,1,2,0.496,0
turn,middle,dry,0.93,0.917,0.148,0,2,0.373,1
turn,middle,dry,0.468,0.948,0.235,1,1,0.511,0
flop,late,wet,3.0,0.558,0.292,0,0,0.824,1
turn,middle,semi_wet,0.985,0.911,0.459,1,2,0.485,1
river,blind,semi_wet,1.87,0.423,0.401,2,0,0.561,0
flop,late,semi_wet,0.703,0.51,0.267,1,0,0.328,0
turn,middle,semi_wet,1.616,0.397,0.5,1,0,0.663,0
flop,middle,dry,0.248,0.43,0.117,0,1,0.308,0
flop,blind,wet,0.759,0.568,0.545,0,3,0.258,1
river,late,wet,0.901,0.895,0.235,2,1,0.755,1
turn,blind,dry,1.227,0.87,0.316,2,3,0.857,0
turn,middle,dry,1.715,0.213,0.155,3,0,0.441,0
flop,early,semi_wet,0.521,0.611,0.095,1,1,0.326,0
river,blind,semi_wet,1.367,0.306,0.077,1,2,0.623,0
flop,early,dry,1.868,0.646,0.35,0,0,0.863,0
river,blind,semi_wet,3.0,0.411,0.192,1,1,0.82,0
flop,late,semi_wet,1.403,0.567,0.345,3,1,0.709,0
flop,early,semi_wet,0.739,0.68,0.181,3,0,0.879,0
turn,blind,dry,0.473,0.831,0.357,0,1,0.671,0
flop,early,dry,2.601,0.216,0.376,0,2,0.813,0
turn,middle,semi_wet,1.427,0.626,0.543,3,0,0.525,1
flop,middle,wet,0.94,0.666,0.619,0,0,0.635,0
river,late,semi_wet,0.39,0.654,0.419,1,1,0.387,1
river,late,dry,0.57,0.741,0.425,0,3,0.414,1
river,late,wet,1.346,0.547,0.15,1,1,0.592,0
flop,middle,dry,1.156,0.936,0.237,1,2,0.634,1
river,late,semi_wet,0.326,0.377,0.32,2,2,0.829,0
river,early,dry,1.347,0.743,0.393,2,2,0.649,1
flop,late,semi_wet,0.401,0.885,0.122,1,1,0.771,0
flop,early,semi_wet,2.003,0.517,0.339,0,2,0.492,0
river,early,wet,1.067,0.326,0.139,0,2,0.742,0
flop,late,dry,0.737,0.545,0.414,1,3,0.846,0
turn,early,semi_wet,1.64,0.428,0.281,2,1,0.756,0
river,blind,dry,1.155,0.675,0.27,2,1,0.276,1
flop,early,wet,1.971,0.579,0.518,0,1,0.415,0
turn,early,dry,0.994,0.627,0.357,3,1,0.547,1
turn,blind,semi_wet,1.027,0.817,0.165,1,2,0.564,0
flop,early,semi_wet,0.813,0.799,0.214,1,0,0.726,1
river,blind,dry,1.099,0.858,0.419,3,2,0.783,1
flop,middle,dry,2.42,0.782,0.173,0,2,0.095,0
turn,blind,dry,0.721,0.906,0.374,0,1,0.229,0
river,blind,semi_wet,1.358,0.748,0.281,3,1,0.251,0
flop,early,wet,0.586,0.646,0.455,1,2,0.478,0
river,middle,semi_wet,0.305,0.387,0.663,0,0,0.214,1
flop,late,wet,1.066,0.948,0.588,1,1,0.855,0
turn,blind,dry,1.166,0.747,0.33,2,1,0.531,1
flop,early,dry,0.895,0.561,0.435,3,0,0.631,1
turn,early,wet,0.418,0.525,0.301,1,1,0.979,0
river,middle,wet,1.125,0.42,0.321,3,1,0.246,1
river,early,dry,1.101,0.609,0.291,0,1,0.792,1
river,middle,semi_wet,0.583,0.47,0.637,1,1,0.16,0
turn,early,wet,0.452,0.462,0.266,0,2,0.397,0
river,blind,wet,0.828,0.406,0.319,1,0,0.552,1
turn,blind,semi_wet,1.362,0.4,0.282,0,1,0.586,0
river,early,dry,1.196,0.447,0.152,0,0,0.468,1
turn,late,dry,0.586,0.705,0.287,3,0,0.625,1
river,late,semi_wet,1.026,0.507,0.569,0,2,0.972,1
flop,late,semi_wet,1.549,0.684,0.286,0,1,0.845,0
turn,blind,dry,0.499,0.966,0.306,0,1,0.788,0
river,late,dry,0.985,0.583,0.21,0,1,0.515,0
flop,late,dry,1.987,0.555,0.505,0,2,0.584,1
flop,early,semi_wet,0.472,0.469,0.298,1,0,0.647,0
river,early,dry,1.796,0.623,0.04,0,1,0.583,0
turn,late,dry,2.318,0.201,0.287,1,0,0.079,1
flop,blind,dry,0.842,0.92,0.373,0,2,0.37,1
flop,middle,wet,0.788,0.619,0.315,2,0,0.145,1
turn,late,semi_wet,1.679,0.744,0.567,0,2,0.718,1
turn,early,dry,0.859,0.876,0.032,0,0,0.664,0
river,middle,semi_wet,0.261,0.642,0.366,1,3,0.587,0
river,blind,semi_wet,0.901,0.473,0.562,2,0,0.784,1
turn,late,semi_wet,1.232,0.178,0.223,2,0,0.704,1
turn,early,semi_wet,1.429,0.68,0.264,0,2,0.33,1
flop,blind,semi_wet,0.586,0.265,0.28,3,4,0.431,1
river,blind,semi_wet,0.82,0.443,0.157,0,1,0.406,0
flop,middle,dry,1.628,0.674,0.137,1,1,0.903,0
flop,middle,dry,0.92,0.543,0.357,0,2,0.301,1
river,late,dry,0.41,0.534,0.313,0,3,0.442,0
river,blind,semi_wet,1.879,0.826,0.343,2,0,0.823,1
flop,middle,semi_wet,0.846,0.782,0.494,0,0,0.877,0
turn,early,semi_wet,1.734,0.86,0.171,1,0,0.784,0
turn,early,dry,0.442,0.172,0.142,2,0,0.903,1
flop,blind,semi_wet,0.89,0.296,0.286,3,1,0.539,0
flop,blind,dry,1.259,0.798,0.259,1,2,0.405,0
flop,blind,dry,0.907,0.561,0.272,0,0,0.188,0
turn,early,semi_wet,0.496,0.81,0.107,0,3,0.664,1
turn,early,dry,0.256,0.642,0.423,3,2,0.648,0
turn,middle,dry,2.199,0.368,0.328,0,0,0.377,0
flop,early,dry,1.09,0.629,0.273,2,1,0.301,0
river,middle,semi_wet,1.807,0.157,0.604,3,0,0.546,1
turn,late,dry,1.585,0.664,0.29,0,1,0.829,0
river,middle,wet,1.321,0.872,0.381,1,1,0.538,1
flop,early,wet,0.797,0.685,0.452,3,1,0.388,0
turn,middle,wet,1.245,0.725,0.337,2,0,0.355,1
river,late,dry,2.092,0.305,0.339,0,0,0.576,0
flop,late,semi_wet,0.996,0.342,0.085,1,1,0.569,0
flop,middle,dry,2.707,0.081,0.327,1,1,0.236,1
flop,middle,wet,0.417,0.855,0.574,0,1,0.966,0
flop,late,semi_wet,0.393,0.978,0.398,2,0,0.404,1
turn,early,dry,1.638,0.331,0.118,1,2,0.528,0
flop,blind,dry,0.606,0.72,0.509,1,0,0.349,0
flop,blind,wet,2.927,0.485,0.286,0,1,0.632,0
turn,early,wet,1.985,0.453,0.355,0,1,0.481,1
flop,blind,semi_wet,2.278,0.393,0.2,2,1,0.622,0
flop,early,semi_wet,1.547,0.226,0.683,2,1,0.782,0
turn,middle,wet,0.573,0.207,0.19,0,0,0.725,0
flop,late,wet,0.382,0.72,0.415,1,1,0.911,0
flop,middle,wet,2.165,0.486,0.412,0,0,0.222,0
flop,early,dry,0.417,0.704,0.222,0,0,0.286,0
flop,early,semi_wet,2.274,0.772,0.097,4,2,0.749,0
turn,late,wet,1.375,0.389,0.239,3,3,0.777,1
flop,early,dry,0.912,0.509,0.751,1,2,0.571,0
flop,middle,dry,1.213,0.8,0.465,2,0,0.861,0
river,middle,dry,1.229,0.901,0.094,0,1,0.334,0
river,blind,semi_wet,0.851,0.66,0.455,3,0,0.929,0
flop,blind,wet,2.084,0.841,0.449,3,2,0.265,0
flop,blind,dry,2.045,0.646,0.15,1,0,0.563,0
turn,late,semi_wet,1.036,0.397,0.168,1,1,0.686,0
river,late,dry,0.684,0.518,0.513,0,0,0.306,0
river,middle,wet,1.951,0.369,0.371,2,2,0.698,1
flop,early,wet,0.313,0.516,0.183,1,1,0.51,0
flop,blind,semi_wet,1.214,0.742,0.069,0,2,0.793,0
turn,middle,semi_wet,1.429,0.357,0.398,1,1,0.402,1
river,middle,dry,0.603,0.718,0.431,5,1,0.761,1
river,early,wet,1.625,0.593,0.316,0,2,0.775,0
flop,middle,semi_wet,0.938,0.69,0.414,0,0,0.318,1
turn,late,dry,0.705,0.888,0.476,2,0,0.779,0
flop,middle,wet,1.616,0.621,0.426,1,1,0.922,0
turn,late,dry,0.524,0.831,0.31,0,1,0.728,0
river,early,semi_wet,1.534,0.38,0.397,1,2,0.856,0
turn,early,dry,0.32,0.225,0.117,1,3,0.755,0
flop,blind,semi_wet,1.113,0.553,0.476,1,0,0.455,0
turn,middle,dry,0.974,0.751,0.249,3,0,0.892,1
turn,middle,dry,0.707,0.344,0.433,1,0,0.08,0
river,middle,semi_wet,1.179,0.558,0.204,0,2,0.689,0
flop,late,wet,0.91,0.42,0.534,1,1,0.708,0
river,late,dry,1.699,0.711,0.634,1,0,0.664,1
flop,middle,semi_wet,1.294,0.588,0.117,0,1,0.769,1
flop,blind,semi_wet,1.22,0.567,0.182,3,0,0.658,0
flop,blind,wet,1.117,0.416,0.623,2,2,0.765,0
flop,early,dry,0.734,0.155,0.311,2,2,0.638,1
flop,late,semi_wet,0.806,0.547,0.296,0,1,0.789,0
turn,blind,wet,1.09,0.708,0.104,1,0,0.817,0
flop,middle,dry,0.865,0.395,0.189,1,3,0.675,1
flop,early,semi_wet,1.753,0.939,0.153,2,1,0.446,0
flop,early,wet,1.001,0.489,0.32,1,0,0.767,0
flop,late,dry,1.17,0.491,0.493,0,0,0.934,0
river,blind,dry,0.44,0.307,0.506,2,2,0.823,0
river,early,dry,1.598,0.643,0.255,4,1,0.688,0
flop,late,wet,0.691,0.925,0.214,1,0,0.582,0
river,middle,wet,0.536,0.364,0.575,0,1,0.492,1
river,middle,semi_wet,2.352,0.686,0.421,1,1,0.844,0
river,late,semi_wet,1.396,0.546,0.445,2,0,0.52,0
flop,blind,dry,1.628,0.358,0.338,2,1,0.937,0
flop,early,dry,1.221,0.583,0.485,0,2,0.529,0
turn,early,dry,0.904,0.863,0.396,1,0,0.956,0
river,middle,dry,0.816,0.557,0.097,3,1,0.863,0
river,middle,dry,1.46,0.65,0.296,0,2,0.407,1
turn,late,semi_wet,1.773,0.822,0.47,1,0,0.44,1
flop,late,dry,0.916,0.315,0.077,0,1,0.821,0
river,early,dry,2.974,0.512,0.555,1,0,0.711,1
river,middle,dry,0.853,0.536,0.31,2,2,0.697,0
turn,late,dry,0.442,0.648,0.283,0,2,0.734,0
turn,middle,dry,0.369,0.689,0.461,1,0,0.382,1
turn,late,dry,0.376,0.731,0.577,1,1,0.638,1
turn,middle,dry,0.758,0.51,0.116,1,1,0.735,0
turn,middle,semi_wet,0.837,0.53,0.408,2,3,0.652,0
river,early,wet,1.385,0.353,0.499,1,0,0.345,1
river,early,wet,0.936,0.627,0.151,0,2,0.582,0
turn,early,wet,1.513,0.731,0.271,0,2,0.336,0
flop,late,semi_wet,0.975,0.534,0.352,0,0,0.734,0
turn,early,wet,0.958,0.483,0.5,1,1,0.507,0
flop,late,semi_wet,0.692,0.643,0.114,1,3,0.437,0
flop,blind,semi_wet,2.08,0.949,0.087,0,0,0.507,0
flop,late,semi_wet,0.41,0.591,0.614,0,1,0.691,0
turn,late,dry,1.123,0.45,0.218,2,0,0.795,1
flop,early,dry,0.861,0.314,0.387,1,1,0.682,1
flop,middle,dry,1.462,0.904,0.279,1,0,0.463,0
river,blind,wet,0.94,0.399,0.346,2,1,0.454,0
flop,middle,dry,0.956,0.587,0.213,0,2,0.707,0
turn,blind,semi_wet,0.821,0.531,0.255,0,0,0.573,0
river,late,wet,2.047,0.417,0.073,0,2,0.374,1
turn,middle,semi_wet,0.952,0.487,0.136,0,0,0.561,1
flop,early,dry,2.81,0.507,0.289,0,0,0.951,0
flop,early,semi_wet,1.105,0.745,0.218,1,0,0.65,0
turn,middle,dry,0.963,0.193,0.318,1,2,0.863,0
turn,middle,wet,0.878,0.638,0.164,1,2,0.63,0
flop,late,semi_wet,1.297,0.913,0.356,0,0,0.642,0
turn,late,semi_wet,0.688,0.635,0.389,0,1,0.761,0
turn,middle,semi_wet,1.031,0.499,0.119,2,1,0.144,1
flop,late,semi_wet,0.955,0.734,0.419,0,0,0.588,0
turn,blind,semi_wet,1.138,0.591,0.286,2,0,0.403,0
flop,late,dry,1.153,0.643,0.207,3,2,0.629,1
flop,blind,dry,1.187,0.719,0.277,0,0,0.62,0
river,middle,dry,1.002,0.868,0.536,1,0,0.403,0
flop,blind,semi_wet,2.254,0.501,0.321,2,1,0.878,0
turn,middle,wet,1.2,0.656,0.181,0,2,0.777,0
turn,early,semi_wet,3.0,0.781,0.134,1,2,0.731,0
flop,early,semi_wet,0.978,0.357,0.324,2,1,0.447,0
river,early,wet,1.612,0.629,0.237,0,2,0.828,1
flop,blind,dry,0.638,0.909,0.416,0,0,0.702,1
flop,early,dry,2.055,0.892,0.269,0,0,0.285,0
river,blind,wet,0.646,0.579,0.212,2,1,0.458,1
river,blind,wet,1.222,0.959,0.32,1,3,0.1,1
turn,middle,semi_wet,0.822,0.744,0.248,1,2,0.307,0
flop,blind,dry,1.22,0.686,0.278,0,2,0.319,0
flop,blind,wet,0.836,0.788,0.059,3,0,0.692,1
turn,blind,wet,0.616,0.415,0.104,2,1,0.436,0
flop,middle,semi_wet,0.819,0.62,0.292,0,1,0.705,0
flop,middle,dry,2.221,0.718,0.217,1,0,0.386,0
river,early,semi_wet,1.23,0.628,0.267,1,0,0.859,0
flop,blind,wet,0.468,0.464,0.196,1,2,0.452,0
flop,blind,wet,1.738,0.449,0.071,2,1,0.23,1
flop,late,semi_wet,0.583,0.492,0.321,0,1,0.782,0
turn,early,semi_wet,1.432,0.939,0.34,0,1,0.356,0
turn,blind,semi_wet,1.289,0.758,0.327,1,1,0.592,0
river,middle,semi_wet,1.335,0.522,0.189,1,3,0.581,1
flop,late,semi_wet,2.636,0.629,0.315,2,2,0.481,0
flop,late,dry,0.603,0.495,0.261,0,1,0.411,1
turn,early,dry,1.331,0.708,0.287,4,0,0.589,0
turn,early,wet,1.902,0.51,0.167,1,1,0.681,1
turn,early,dry,0.668,0.454,0.202,0,0,0.132,0
river,blind,dry,0.631,0.774,0.294,1,0,0.534,1
turn,blind,wet,0.812,0.385,0.347,2,0,0.904,0
turn,middle,semi_wet,1.137,0.073,0.494,0,0,0.903,1
river,middle,dry,0.438,0.47,0.635,0,1,0.301,0
flop,middle,dry,1.288,0.658,0.688,1,1,0.875,0
river,middle,wet,0.438,0.531,0.308,3,2,0.422,1
turn,late,semi_wet,1.937,0.547,0.217,0,0,0.665,0
turn,middle,semi_wet,1.262,0.906,0.182,0,2,0.311,1
river,late,semi_wet,2.724,0.633,0.213,0,0,0.513,1
turn,middle,dry,1.374,0.189,0.239,4,3,0.867,0
turn,late,semi_wet,0.804,0.642,0.409,1,0,0.623,0
flop,blind,dry,0.613,0.606,0.095,1,1,0.529,0
turn,early,semi_wet,1.085,0.746,0.725,2,1,0.267,1
turn,early,dry,0.936,0.512,0.591,1,2,0.513,1
flop,late,dry,1.826,0.553,0.364,1,0,0.911,0
river,early,dry,0.571,0.395,0.104,0,1,0.797,0
turn,early,wet,2.891,0.852,0.259,1,1,0.723,0
turn,blind,dry,1.918,0.86,0.642,1,1,0.301,1
flop,middle,dry,0.85,0.754,0.52,0,0,0.809,1
turn,late,dry,2.557,0.622,0.671,0,0,0.213,1
flop,blind,semi_wet,0.618,0.158,0.184,1,2,0.175,1
flop,early,semi_wet,1.065,0.694,0.233,0,2,0.384,0
turn,middle,wet,0.471,0.735,0.097,0,2,0.577,0
flop,early,semi_wet,2.626,0.668,0.229,0,1,0.605,1
flop,middle,semi_wet,0.384,0.726,0.485,0,3,0.337,0
turn,early,semi_wet,0.431,0.575,0.628,2,0,0.52,0
flop,blind,dry,0.671,0.854,0.201,0,0,0.72,0
river,middle,wet,1.969,0.685,0.262,4,1,0.664,0
river,early,wet,1.608,0.803,0.205,0,0,0.981,0
turn,early,dry,1.017,0.666,0.339,0,0,0.43,1
river,early,semi_wet,1.666,0.851,0.275,1,4,0.789,1
river,early,dry,0.893,0.318,0.057,0,0,0.555,0
flop,early,semi_wet,1.2,0.662,0.475,0,1,0.803,0
river,late,wet,2.359,0.778,0.183,1,0,0.505,0
flop,blind,wet,0.831,0.249,0.521,0,1,0.297,0
turn,blind,dry,0.624,0.796,0.485,0,2,0.686,0
turn,blind,semi_wet,1.232,0.6,0.142,1,0,0.781,1
flop,blind,semi_wet,1.429,0.564,0.586,1,3,0.413,1
flop,middle,dry,1.011,0.523,0.502,1,1,0.553,1
river,middle,semi_wet,1.652,0.161,0.664,0,1,0.419,0
flop,late,semi_wet,0.852,0.556,0.229,2,0,0.791,0
flop,middle,wet,1.02,0.372,0.068,2,2,0.694,0
flop,late,wet,1.169,0.724,0.484,1,1,0.92,0
turn,blind,dry,1.114,0.45,0.475,0,0,0.681,1
river,early,dry,2.31,0.618,0.487,0,0,0.313,0
river,blind,dry,1.166,0.711,0.622,2,1,0.402,1
turn,blind,dry,0.805,0.566,0.131,3,3,0.782,0
flop,late,semi_wet,1.272,0.46,0.173,1,0,0.776,0
flop,middle,wet,1.657,0.631,0.082,0,2,0.775,0
turn,middle,semi_wet,1.456,0.491,0.102,0,1,0.858,0
river,early,semi_wet,1.412,0.707,0.155,2,3,0.412,0
river,middle,dry,0.417,0.73,0.294,2,1,0.603,1
turn,late,dry,0.242,0.939,0.209,1,3,0.668,0
turn,late,wet,1.918,0.95,0.302,2,0,0.518,0
turn,early,semi_wet,1.211,0.451,0.173,0,0,0.489,0
turn,late,dry,0.94,0.392,0.518,1,0,0.49,1
turn,blind,wet,1.394,0.948,0.571,0,1,0.239,1
turn,early,semi_wet,2.746,0.442,0.211,2,0,0.63,0
turn,early,dry,2.07,0.771,0.218,0,0,0.323,1
river,blind,semi_wet,1.615,0.535,0.471,0,0,0.688,0
turn,late,semi_wet,0.584,0.646,0.122,1,1,0.812,0
flop,late,dry,0.627,0.173,0.307,2,1,0.167,1
flop,blind,wet,0.256,0.753,0.155,1,1,0.501,1
turn,late,semi_wet,1.348,0.187,0.151,1,4,0.178,1
turn,late,semi_wet,1.75,0.788,0.213,1,1,0.508,0
turn,early,wet,1.831,0.679,0.207,2,0,0.615,0
river,blind,semi_wet,1.379,0.542,0.523,5,0,0.654,0
flop,blind,semi_wet,0.874,0.488,0.215,1,0,0.863,0
turn,middle,dry,0.697,0.621,0.347,2,0,0.727,0
river,late,dry,0.604,0.846,0.407,1,0,0.943,0
turn,late,dry,0.869,0.533,0.404,0,3,0.901,1
turn,early,dry,0.556,0.834,0.137,1,1,0.919,1
flop,early,semi_wet,2.499,0.655,0.245,0,0,0.623,0
turn,late,dry,0.465,0.594,0.317,0,0,0.477,0
river,late,dry,0.854,0.668,0.344,1,0,0.418,0
river,late,semi_wet,0.328,0.369,0.203,1,0,0.592,0
turn,middle,dry,1.12,0.479,0.576,1,3,0.785,0
flop,blind,semi_wet,0.95,0.688,0.513,1,1,0.902,0
turn,middle,semi_wet,0.782,0.299,0.109,3,1,0.818,0
river,early,dry,0.569,0.363,0.306,0,0,0.607,0
flop,early,dry,0.953,0.797,0.458,0,0,0.494,0
river,blind,semi_wet,0.705,0.848,0.363,2,2,0.915,1
flop,late,dry,0.882,0.515,0.285,2,1,0.513,0
flop,middle,semi_wet,2.792,0.906,0.277,1,0,0.825,1
flop,early,semi_wet,1.046,0.732,0.179,2,1,0.81,0
flop,early,semi_wet,1.275,0.714,0.314,4,0,0.942,0
river,early,semi_wet,0.737,0.293,0.43,3,0,0.427,0
turn,early,wet,0.618,0.414,0.292,0,0,0.351,0
flop,late,dry,0.939,0.624,0.199,1,1,0.526,1
turn,early,wet,3.0,0.286,0.577,0,1,0.528,1
turn,early,wet,0.812,0.646,0.11,2,0,0.832,0
flop,middle,semi_wet,1.16,0.562,0.547,0,0,0.952,0
flop,late,dry,0.603,0.797,0.181,0,0,0.836,0
turn,middle,dry,0.209,0.739,0.305,2,1,0.883,0
flop,early,wet,0.616,0.794,0.253,1,0,0.18,1
river,late,dry,3.0,0.405,0.166,3,0,0.353,1
flop,middle,wet,1.32,0.784,0.111,1,1,0.698,0
river,early,semi_wet,2.346,0.902,0.169,1,1,0.749,1
river,late,semi_wet,0.786,0.771,0.126,0,1,0.63,0
flop,blind,semi_wet,0.26,0.637,0.386,2,0,0.821,0
flop,late,dry,0.517,0.649,0.071,1,3,0.855,0
river,early,semi_wet,1.183,0.734,0.129,3,1,0.723,0
turn,middle,wet,1.084,0.7,0.235,1,2,0.508,0
turn,late,dry,0.946,0.442,0.51,1,1,0.57,1
flop,blind,wet,0.711,0.306,0.68,1,1,0.679,0
flop,blind,wet,1.595,0.41,0.376,1,1,0.795,0
turn,blind,dry,0.722,0.132,0.322,2,2,0.494,1
river,blind,semi_wet,1.127,0.899,0.14,1,1,0.8,0
flop,late,dry,1.059,0.159,0.426,1,1,0.531,0
river,late,semi_wet,0.777,0.737,0.312,1,1,0.466,0
turn,late,wet,0.586,0.813,0.033,1,0,0.658,0
flop,late,wet,0.752,0.87,0.117,0,1,0.945,0
flop,late,wet,2.666,0.53,0.697,2,1,0.446,1
flop,early,dry,1.754,0.33,0.482,0,1,0.544,0
turn,blind,semi_wet,1.667,0.876,0.019,0,1,0.446,0
turn,early,dry,0.617,0.736,0.471,1,2,0.586,0
turn,middle,wet,0.431,0.763,0.327,2,1,0.482,0
flop,middle,dry,1.739,0.239,0.37,0,0,0.627,0
turn,blind,dry,1.565,0.3,0.327,0,1,0.63,0
turn,early,dry,1.026,0.581,0.283,2,0,0.703,0
turn,middle,dry,0.776,0.494,0.284,0,2,0.658,0
turn,middle,dry,0.425,0.793,0.191,1,0,0.809,0
flop,early,dry,1.533,0.893,0.505,2,2,0.431,1
turn,early,wet,1.826,0.583,0.171,0,2,0.508,1
turn,middle,wet,0.655,0.452,0.435,1,0,0.631,1
turn,blind,dry,0.625,0.892,0.1,1,1,0.874,1
flop,middle,wet,1.882,0.477,0.268,1,0,0.837,0
turn,blind,semi_wet,0.668,0.879,0.119,1,0,0.662,0
turn,late,wet,2.531,0.905,0.393,1,1,0.63,0
flop,blind,dry,0.896,0.387,0.426,0,0,0.585,0
river,blind,semi_wet,0.769,0.299,0.064,1,0,0.555,0
river,late,dry,0.975,0.275,0.623,1,1,0.131,1
flop,late,dry,0.769,0.953,0.453,2,2,0.742,1
turn,early,semi_wet,1.767,0.389,0.395,0,0,0.752,0
turn,late,wet,1.548,0.616,0.215,2,2,0.682,1
river,early,wet,1.731,0.675,0.271,0,1,0.436,1
flop,late,dry,1.053,0.238,0.246,2,0,0.417,1
flop,late,semi_wet,0.74,0.826,0.326,1,2,0.836,0
turn,blind,wet,0.946,0.636,0.488,0,2,0.573,0
flop,late,dry,0.753,0.57,0.234,1,0,0.35,0
turn,middle,dry,2.131,0.399,0.374,3,0,0.666,0
turn,middle,dry,1.651,0.68,0.48,2,3,0.27,1
flop,late,dry,0.905,0.394,0.301,0,1,0.32,0
turn,middle,dry,0.571,0.999,0.482,2,1,0.703,1
river,middle,dry,2.22,0.571,0.029,0,1,0.737,0
river,middle,semi_wet,1.025,0.551,0.326,1,0,0.234,1
turn,late,semi_wet,0.886,0.516,0.119,0,0,0.647,0
flop,early,wet,2.231,0.629,0.041,2,3,0.946,0
flop,late,semi_wet,0.719,0.512,0.295,0,1,0.109,0
river,middle,dry,0.798,0.461,0.478,0,2,0.597,0
river,middle,wet,0.838,0.863,0.244,1,0,0.56,1
turn,middle,semi_wet,0.461,0.706,0.605,2,0,0.339,1
river,early,semi_wet,1.132,0.31,0.15,0,1,0.784,0
flop,late,dry,0.625,0.815,0.417,0,1,0.65,0
turn,late,semi_wet,0.695,0.769,0.115,1,2,0.815,0
flop,blind,semi_wet,0.646,0.288,0.208,0,2,0.812,0
flop,middle,semi_wet,0.689,0.577,0.219,1,0,0.613,0
turn,late,wet,0.6,0.753,0.348,0,0,0.533,1
turn,late,wet,1.09,0.768,0.122,0,2,0.56,0
river,late,wet,0.873,0.23,0.204,1,1,0.81,1
flop,late,semi_wet,0.977,0.585,0.496,0,0,0.185,1
river,blind,wet,3.0,0.652,0.441,2,0,0.727,0
river,blind,wet,0.873,0.883,0.169,1,1,0.691,0
turn,early,dry,1.327,0.745,0.45,1,0,0.363,0
river,middle,semi_wet,1.412,0.751,0.341,0,2,0.902,0
turn,late,dry,0.919,0.614,0.484,2,2,0.825,0
turn,late,dry,1.106,0.252,0.25,2,2,0.636,1
flop,middle,dry,0.962,0.603,0.49,0,2,0.937,0
flop,early,semi_wet,1.063,0.796,0.172,0,1,0.519,0
river,late,dry,0.689,0.511,0.441,1,2,0.532,0
turn,late,dry,0.725,0.643,0.179,2,1,0.925,0
flop,early,dry,0.96,0.815,0.132,1,0,0.607,0
flop,late,semi_wet,0.322,0.535,0.121,1,0,0.541,0
turn,blind,wet,2.166,0.618,0.319,2,0,0.382,0
river,late,wet,3.0,0.2,0.038,1,1,0.516,0
flop,blind,semi_wet,1.045,0.975,0.157,0,2,0.553,0
river,middle,dry,1.372,0.134,0.311,1,1,0.343,0
turn,early,wet,1.724,0.518,0.478,2,0,0.631,0
river,late,dry,0.459,0.14,0.797,0,0,0.804,0
flop,early,wet,1.585,0.696,0.207,2,1,0.907,0
turn,early,semi_wet,0.752,0.889,0.438,1,0,0.593,0
flop,early,semi_wet,3.0,0.778,0.478,0,0,0.749,0
turn,blind,dry,0.858,0.667,0.219,0,1,0.36,0
river,blind,dry,1.568,0.863,0.216,1,0,0.504,1
turn,middle,semi_wet,0.862,0.779,0.075,0,1,0.592,0
flop,late,semi_wet,3.0,0.48,0.231,3,3,0.669,0
river,middle,wet,0.718,0.984,0.213,1,1,0.22,0
flop,early,semi_wet,1.805,0.688,0.328,1,1,0.86,1
turn,blind,semi_wet,1.343,0.495,0.555,0,0,0.37,1
river,blind,dry,1.188,0.708,0.087,1,2,0.779,0
turn,middle,semi_wet,1.079,0.47,0.285,1,0,0.31,1
river,middle,dry,0.659,0.581,0.31,0,0,0.279,1
turn,blind,semi_wet,0.229,0.949,0.435,0,2,0.457,1
river,middle,semi_wet,1.718,0.407,0.335,0,1,0.37,1
turn,middle,wet,0.727,0.495,0.575,4,1,0.429,0
turn,middle,semi_wet,1.81,0.954,0.579,1,0,0.757,1
flop,middle,dry,1.154,0.287,0.329,2,0,0.59,0
river,late,wet,1.841,0.569,0.435,1,2,0.298,1
flop,early,semi_wet,1.479,0.339,0.18,5,1,0.727,0
river,middle,semi_wet,0.245,0.797,0.155,2,1,0.735,1
flop,middle,semi_wet,1.334,0.438,0.066,1,0,0.164,0
flop,middle,wet,0.787,0.268,0.333,1,0,0.328,1
river,middle,dry,1.805,0.522,0.31,2,4,0.685,0
flop,middle,semi_wet,1.317,0.318,0.529,3,2,0.942,0
turn,middle,wet,1.325,0.431,0.396,2,1,0.907,0
river,blind,dry,0.819,0.272,0.451,0,2,0.684,0
flop,late,wet,0.576,0.496,0.386,1,0,0.776,0
flop,late,dry,0.75,0.172,0.076,2,0,0.607,0
turn,middle,dry,0.353,0.766,0.165,1,0,0.863,0
flop,blind,dry,0.688,0.543,0.192,1,3,0.241,1
flop,early,wet,0.425,0.862,0.509,1,0,0.691,1
flop,late,wet,0.431,0.927,0.433,1,1,0.368,0
turn,early,dry,1.014,0.852,0.225,2,1,0.393,1
flop,blind,dry,1.276,0.788,0.433,2,0,0.456,1
flop,middle,dry,0.935,0.609,0.545,1,0,0.478,0
turn,middle,dry,0.723,0.595,0.181,5,2,0.521,0
turn,early,semi_wet,0.565,0.669,0.489,2,2,0.662,0
flop,blind,dry,0.799,0.854,0.503,1,1,0.482,1
flop,middle,dry,0.605,0.868,0.467,3,1,0.842,0
river,middle,dry,0.919,0.842,0.456,0,0,0.911,0
turn,blind,semi_wet,0.412,0.695,0.142,3,3,0.954,0
turn,early,semi_wet,1.399,0.87,0.318,0,0,0.762,0
turn,middle,semi_wet,0.696,0.943,0.599,2,2,0.77,0
flop,early,semi_wet,1.17,0.753,0.193,2,0,0.822,0
river,early,wet,1.55,0.411,0.22,0,2,0.792,0
river,early,semi_wet,1.139,0.452,0.602,1,2,0.435,0
river,early,wet,1.476,0.505,0.404,2,0,0.413,1
flop,blind,semi_wet,0.305,0.586,0.567,4,0,0.46,1
flop,middle,dry,0.725,0.572,0.457,1,0,0.606,0
flop,blind,wet,1.745,0.495,0.49,1,0,0.875,1
flop,middle,semi_wet,1.259,0.632,0.479,1,2,0.584,0
flop,blind,semi_wet,2.629,0.765,0.277,1,2,0.624,1
turn,early,dry,2.429,0.634,0.565,1,2,0.274,0
flop,early,semi_wet,1.122,0.795,0.624,3,1,0.905,0
river,early,wet,0.828,0.696,0.579,1,1,0.596,1
flop,blind,dry,0.562,0.924,0.255,0,1,0.798,0
flop,late,dry,0.732,0.349,0.322,0,1,0.569,0
river,late,dry,0.76,0.357,0.406,0,4,0.374,1
river,blind,semi_wet,0.686,0.395,0.036,0,1,0.46,0
turn,middle,wet,0.574,0.354,0.362,0,2,0.725,0
turn,late,semi_wet,1.186,0.643,0.409,0,0,0.491,0
flop,late,wet,2.419,0.477,0.334,5,0,0.264,0
flop,late,semi_wet,1.589,0.383,0.295,1,1,0.442,0
turn,late,dry,0.797,0.659,0.302,1,2,0.841,0
turn,middle,dry,1.661,0.652,0.296,0,2,0.599,0
turn,early,dry,1.151,0.373,0.392,3,2,0.752,0
